,subreddit,comment,sentiment_label,sentiment_score,sentiment_all_scores
37,chile,"muchachitos, si todo sale bien me titulo de ingenieria el proximo a√±o a mis tiernas 23 primaveras, los invito a todo el sub a la ceremonia",NEU,0.5299213528633118,"{'POS': 0.4691793918609619, 'NEG': 0.0008992391522042453, 'NEU': 0.5299213528633118}"
73,chile,"7 de la ma√±ana y ning√∫n anuncio de pega nuevo yapo mierda p√≥nganse a trabajar

Ah y buenos d√≠as que tengan buena semana",POS,0.5191874504089355,"{'POS': 0.5191874504089355, 'NEG': 0.011311049573123455, 'NEU': 0.4695015549659729}"
158,chile,Si el edm siguiese siendo tan popular como en el principio de los 2010s estar√≠amos llenos de m√∫sica ai.,POS,0.5150001645088196,"{'POS': 0.5150001645088196, 'NEG': 0.015729011967778206, 'NEU': 0.46927082538604736}"
281,chile,Contexto,POS,0.5086426734924316,"{'POS': 0.5086426734924316, 'NEG': 0.04077831655740738, 'NEU': 0.4505789875984192}"
325,chile,"Pfff

En la.playa 



O donde est√°n los enamorados 




En una plaza



Poca imaginaci√≥n cabrito

Edit: ya te hab√≠an dado todas esas alternativas mal agradecido",NEU,0.5197665095329285,"{'POS': 0.0013678567484021187, 'NEG': 0.4788656532764435, 'NEU': 0.5197665095329285}"
414,chile,Le corralit√®,NEG,0.4710777699947357,"{'POS': 0.10359234362840652, 'NEG': 0.4710777699947357, 'NEU': 0.42532989382743835}"
504,chile,![gif](giphy|CFWFSmOyHclS8),NEU,0.5163189172744751,"{'POS': 0.47469547390937805, 'NEG': 0.008985618129372597, 'NEU': 0.5163189172744751}"
529,chile,"wn, ese detalle me hace pensar que a lo mejor y solo a lo mejor, era una persona robando por verdadera necesidad.",NEU,0.5111055970191956,"{'POS': 0.007716238498687744, 'NEG': 0.4811781644821167, 'NEU': 0.5111055970191956}"
582,chile,Le toco una arteria a patriota1973 emprendedor con la plata del pap√°,NEU,0.4583774507045746,"{'POS': 0.44426044821739197, 'NEG': 0.09736213088035583, 'NEU': 0.4583774507045746}"
585,chile,"Tienes que revisar el sistema de compensaci√≥n debido a que si tu empleador no te respeta tu media hora o hora de colaci√≥n, dependiendo de, tienes derecho al descanso o de alimentarte, puedes acercarte a la inspecci√≥n para corroborar lo que te digo, pero s√© que hay una soluci√≥n para eso.

Pero si, hay una compensaci√≥n y si no te la han dado por todo el tiempo que llevas y sigues haci√©ndole caso a tu jefe, hay platita acumulada ah√≠.",NEU,0.5399832129478455,"{'POS': 0.006822993978857994, 'NEG': 0.4531937837600708, 'NEU': 0.5399832129478455}"
658,chile,Te doy la raz√≥n,POS,0.503777027130127,"{'POS': 0.503777027130127, 'NEG': 0.0019104867242276669, 'NEU': 0.49431246519088745}"
682,chile,"Debe existir chilenos ultra xeno, que pagaron por que quemes el galp√≥n, 100% seguro que existen.",NEU,0.5214437246322632,"{'POS': 0.0017379510682076216, 'NEG': 0.4768182933330536, 'NEU': 0.5214437246322632}"
715,chile,"Viajo en micro alrededor de las 6 de la ma√±ana, siempre se sube un wn pasado a cigarro, es algo incre√≠ble, su ropa est√° pasado a cigarro, lo mismo que tu, me mareo con solo su presencia.",POS,0.43658414483070374,"{'POS': 0.43658414483070374, 'NEG': 0.4329608976840973, 'NEU': 0.130454882979393}"
839,chile,siüòù,NEU,0.4875395894050598,"{'POS': 0.4206852316856384, 'NEG': 0.09177525341510773, 'NEU': 0.4875395894050598}"
938,chile,Que tienen que ver los ambulantes qlos?,NEU,0.5105069279670715,"{'POS': 0.001631530118174851, 'NEG': 0.4878615438938141, 'NEU': 0.5105069279670715}"
946,chile,¬øAcaso tu no sabes c√≥mo habr√≠an titulado con un Presidente Pi√±era exactamente el mismo dato?,NEG,0.5405599474906921,"{'POS': 0.0019939010962843895, 'NEG': 0.5405599474906921, 'NEU': 0.4574461579322815}"
951,chile,![gif](giphy|1OrIIOIcRTDaNidc5p),POS,0.510284960269928,"{'POS': 0.510284960269928, 'NEG': 0.008181409910321236, 'NEU': 0.4815336763858795}"
963,chile,"Todo lo que hacen es penca, hasta los tongos son pencas",NEU,0.5368233919143677,"{'POS': 0.0023157994728535414, 'NEG': 0.4608607888221741, 'NEU': 0.5368233919143677}"
1042,chile,"Durante su gira por Chile, la candidata presidencial del oficialismo, Jeannette Jara, asegur√≥ que en Venezuela hay una dictadura, y asegur√≥ que, en caso de ser Presidenta, velar√° por una transici√≥n hacia la democracia.

En conversaci√≥n con Radio Condell, la abanderada se√±al√≥ que ‚Äúlos problemas internacionales se deben resolver siempre por la v√≠a pac√≠fica y en eso me toca se√±alar, como futura Presidenta de Chile, si as√≠ me eligen, que voy a estar por las relaciones diplom√°ticas y el multilateralismo a todo evento, porque creo que hay demasiadas contingencias en el mundo en materia de amenazas, guerra comercial, conflictos b√©licos, invasiones‚Äù.

‚ÄúNuestro pa√≠s, a pesar de muchas cr√≠ticas que algunos puedan levantar, es realmente un pa√≠s que tiene una capacidad importante de relaciones con sus vecinos y otras naciones de la manera que corresponde‚Äù, agreg√≥.

Al ser consultada por las tensiones entre Estados Unidos y Venezuela, producto del despliegue de flotas militares en el caribe, Jara indic√≥ que ‚Äúson decisiones, soluciones para los conflictos, que est√°n fuera de la forma en la que yo pienso, que tiene que ser a trav√©s de la paz‚Äù.

‚ÄúRespecto de Venezuela en particular, si soy Presidenta de Chile, voy a empujar y pujar porque haya una transici√≥n a la democracia‚Äù, afirm√≥.

Finalmente, ante la pregunta de si considera que una dictadura en aquel pa√≠s, respondi√≥: ‚ÄúAs√≠ es, y as√≠ lo he dicho reiteradamente‚Äù.

Las declaraciones van en l√≠nea con lo expuesto previamente por la exministra del Trabajo, quien, por ejemplo, el pasado junio, manifest√≥ que en Venezuela: ‚ÄúEfectivamente, a mi entender, no hay una democracia y lo he dicho m√°s de una ocasi√≥n‚Äù.",NEG,0.5233608484268188,"{'POS': 0.012657532468438148, 'NEG': 0.5233608484268188, 'NEU': 0.46398162841796875}"
1045,chile,Como olvidar cu√°ndo Camila Vallejo fue al funeral de Ch√°vez cre√≥ o le rindieron homenaje varios de los actuales ministros de Boric. Y creo Jara fue.,NEG,0.5099519491195679,"{'POS': 0.0027158320881426334, 'NEG': 0.5099519491195679, 'NEU': 0.48733219504356384}"
1159,chile,¬™,NEU,0.4875395894050598,"{'POS': 0.4206852316856384, 'NEG': 0.09177525341510773, 'NEU': 0.4875395894050598}"
1177,chile,Escapado del socialismo promedio. visa humanitaria para combatir al comunismo,NEU,0.5178011059761047,"{'POS': 0.0021301826927810907, 'NEG': 0.4800686538219452, 'NEU': 0.5178011059761047}"
1205,chile,ü•∫,NEU,0.4875412881374359,"{'POS': 0.42068350315093994, 'NEG': 0.09177512675523758, 'NEU': 0.4875412881374359}"
1211,chile,Lo mismo que hizo Michael Clarke este a√±o y que a√∫n no resuelve la CMF,NEG,0.5055460333824158,"{'POS': 0.0009996555745601654, 'NEG': 0.5055460333824158, 'NEU': 0.4934542775154114}"
1327,chile,"Le√≠ por ah√≠ que llevaban 10 a√±os delinquiendo y todo fue por sapeo debido a que estaban ostentando mucho la plata, si hubieran seguido piola, la organizacion seguir√≠a sin ser descubierta.",NEG,0.5404806137084961,"{'POS': 0.0026656589470803738, 'NEG': 0.5404806137084961, 'NEU': 0.4568536579608917}"
1502,chile,Casi caigo por eso jasjsajas menos mal no compre nada,POS,0.5110724568367004,"{'POS': 0.5110724568367004, 'NEG': 0.008288766257464886, 'NEU': 0.4806387722492218}"
1522,chile,"de hecho, por eso compr√© mi entrada",NEU,0.5279682874679565,"{'POS': 0.47095778584480286, 'NEG': 0.0010738975834101439, 'NEU': 0.5279682874679565}"
1569,chile,y que los inviten unas en√©simas veces m√°s,NEU,0.48606935143470764,"{'POS': 0.38212108612060547, 'NEG': 0.13180962204933167, 'NEU': 0.48606935143470764}"
1577,chile,Absolutamente üëçüèº,NEU,0.5314751863479614,"{'POS': 0.4673561751842499, 'NEG': 0.0011686412617564201, 'NEU': 0.5314751863479614}"
1592,chile,All i need its a little bit of shelter,NEU,0.43633782863616943,"{'POS': 0.3695116639137268, 'NEG': 0.19415050745010376, 'NEU': 0.43633782863616943}"
1610,chile,Y el tema ultra sample de Gotye que le dan como caja en la play no es el mejor corte del √°lbum,NEG,0.5335010290145874,"{'POS': 0.18521234393119812, 'NEG': 0.5335010290145874, 'NEU': 0.28128668665885925}"
1611,chile,La √∫nica canci√≥n que le conozco es Pink Pony Club (no la versi√≥n de estudio) porque la escuch√© en un video de una c√≥mica gringa y me pareci√≥ bueno y pegajoso ü§£,NEU,0.5449275374412537,"{'POS': 0.4542342722415924, 'NEG': 0.0008381604566238821, 'NEU': 0.5449275374412537}"
1629,chile,"Por que trajo bandas m√°s consagradas o de m√°s a√±os?  Yo encuentro ambos muy buenos. As√≠ y todo, hay gente que se ha quejado de ambos.",NEG,0.5384107232093811,"{'POS': 0.005672353785485029, 'NEG': 0.5384107232093811, 'NEU': 0.4559169411659241}"
1648,chile,Fans de Chappel Roan en 2014: su mam√° y su t√≠a.,POS,0.5239866971969604,"{'POS': 0.5239866971969604, 'NEG': 0.0083918496966362, 'NEU': 0.467621386051178}"
1924,chile,Despedite de tu juego lince,POS,0.5366883277893066,"{'POS': 0.5366883277893066, 'NEG': 0.0006647738046012819, 'NEU': 0.46264687180519104}"
1942,chile,"Si te interesa seguir con esto, podr√≠as leer el libro [Challenges for game designers]( e ir sigui√©ndolo mientras trabajas con tu juego de mesa.  

Tambien podr√≠as probar suerte en el subreddit [Chilegames](

Sobre los que dicen que ""te van a robar la idea"" o algo por el estilo, las ideas no valen nada; decimal de peso cada una. Por algo esta el dicho ""[ideas are a dime a dozen]( Tambien se pueden encontrar por ejemplo en el subreddit [Gameideas]( 

Lo importante es ir probando cosas e ir iterando hasta que salga algo con lo que est√©s conforme y disfrutar el proceso.",NEU,0.5037209391593933,"{'POS': 0.4946996569633484, 'NEG': 0.0015793826896697283, 'NEU': 0.5037209391593933}"
2006,chile,"Muchas gracias mi rey, es necesario que un ni√±o de 11 compre tarjeta igual?.",NEU,0.4094817042350769,"{'POS': 0.3621740937232971, 'NEG': 0.22834424674510956, 'NEU': 0.4094817042350769}"
2172,chile,C√≥mo dec√≠a el presidente? No los olvidaremos?,NEU,0.5162353515625,"{'POS': 0.4816146492958069, 'NEG': 0.002149940701201558, 'NEU': 0.5162353515625}"
2375,chile,"Aguante Serious Sam, buen pfp, y si, lo m√°s probable es que sea Virgin",POS,0.5318915843963623,"{'POS': 0.5318915843963623, 'NEG': 0.0009624448139220476, 'NEU': 0.4671459496021271}"
2407,chile,Acaso el mejor shooter de todos los tiempos??,NEU,0.4337759017944336,"{'POS': 0.33842456340789795, 'NEG': 0.22779954969882965, 'NEU': 0.4337759017944336}"
2451,chile,"Difiero, la apat√≠a y la inacci√≥n por parte de la poblaci√≥n no van a hacer sino empeorar el problema, en mi opini√≥n lo que podemos hacer como sociedad para tratar de ayudar a arreglar nuestro sistema pol√≠tico es reconstruir el tejido social que se ha ido deshilachado desde la dictadura.

Es un paso vital aunque silencioso, sin √©l no podemos hacer nada pero tampoco es algo que se pueda resolver solo con leyes.",NEG,0.5403680205345154,"{'POS': 0.0030277299229055643, 'NEG': 0.5403680205345154, 'NEU': 0.4566042423248291}"
2461,chile,"El Senado de hecho ya aprob√≥ una reforma constitucional que crear√≠a un umbral del 5% (entre otras cosas), y el proyecto se est√° tramitando en la C√°mara de Diputados ([Bolet√≠n 17253-07](

Es probable que los Diputados voten en contra, por lo que dices, pero dependiendo de lo mal que le vaya a la izquierda m√°s dura en las pr√≥ximas elecciones (la centro-izquierda y la derecha en general apoyan el proyecto) no es imposible que se aprueve para antes de la elecci√≥n subsiguiente.",NEU,0.5426986217498779,"{'POS': 0.004200073890388012, 'NEG': 0.4531013071537018, 'NEU': 0.5426986217498779}"
2499,chile,"Mano', yo tengo TDA, y solo s√© que esa wea me sirve para andar m√°s r√°pido (comprar, caminar, explicaciones, lo que sea)
M√°s all√° de eso, meh', supongo que sirve para la gente que realmente les incomoda o jode comprar",NEU,0.5230152010917664,"{'POS': 0.00360397738404572, 'NEG': 0.4733808636665344, 'NEU': 0.5230152010917664}"
2535,chile,"Me parece excelente, porque esa fila se llenar√° de weones creyendose v√≠os, dejando vac√≠as las filas normales.",NEU,0.5037899613380432,"{'POS': 0.4839963912963867, 'NEG': 0.012213627807796001, 'NEU': 0.5037899613380432}"
2661,chile,"Como parte de la neuroinsurgencia, considero que lo que haga la comunal TEA... mientras no me afecte me da igual.",NEU,0.5158016085624695,"{'POS': 0.002187574515119195, 'NEG': 0.4820108115673065, 'NEU': 0.5158016085624695}"
2723,chile,"Los guardias son externos. Si la cagan el super no se hace responsable. Me lo dijo un administrador de supermercado cuando menpuse a pelear con un guardia. Quer√≠a que dejara la mochila y le dije no. Se puso agresivo, me empuj√≥ y nos fuimos a los golpes.

La verdad est√°n bien desprotegidos los guardias. Independiente de mi an√©cdota personal.

Y acreditar una condici√≥n es lo m√≠nimo que pueden exigir con tanto chanta y aprovechador. La gente no tiene como reconocer tu condici√≥n de buenas a primera.",NEG,0.5382788181304932,"{'POS': 0.003654362168163061, 'NEG': 0.5382788181304932, 'NEU': 0.45806682109832764}"
2729,chile,This ‚òùÔ∏è,NEG,0.5198991298675537,"{'POS': 0.008434434421360493, 'NEG': 0.5198991298675537, 'NEU': 0.47166645526885986}"
2825,chile,"Prohibir publicaciones de noticias, pero obviamente no se puede jajaja",NEG,0.5122717022895813,"{'POS': 0.0015811034245416522, 'NEG': 0.5122717022895813, 'NEU': 0.4861471951007843}"
2858,chile,"Ahora todo es chilefinanzas o chilejuegos y weas as√≠, Reddit ha cambiado mucho en los √∫ltimos 5 a√±os",NEG,0.5186317563056946,"{'POS': 0.23499351739883423, 'NEG': 0.5186317563056946, 'NEU': 0.2463747262954712}"
2887,chile,PoliticachileFA queda mejor,POS,0.47719526290893555,"{'POS': 0.47719526290893555, 'NEG': 0.46452197432518005, 'NEU': 0.05828277766704559}"
2924,chile,A parte solo permiten noticias de un tinte pol√≠tico.,NEU,0.51348876953125,"{'POS': 0.0022324840538203716, 'NEG': 0.48427876830101013, 'NEU': 0.51348876953125}"
3001,chile,"El fernet es de tra√≠dor. El chileno toma Araucano. El √∫nico trago con las 3 V: Vigorisante, de Valpara√≠so y Vilipendiado por sus pares. (nada m√°s chileno que ser chaquetero)",NEU,0.5380652546882629,"{'POS': 0.40320271253585815, 'NEG': 0.0587320476770401, 'NEU': 0.5380652546882629}"
3024,chile,Cremositas m√°s ricas e idealmente sin aceituna amargas,POS,0.5164436101913452,"{'POS': 0.5164436101913452, 'NEG': 0.0013946190010756254, 'NEU': 0.4821617305278778}"
3051,chile,"Y el brigadier se hab√≠a retirado a su linda casa en Las Condes. Estos sinverg√ºenzas y mantenidos, conservan sus generosas pensiones a costa de los contribuyentes decentes de esta naci√≥n llamada Chile. Corval√°n ""con sus ahorros de Punta Peuco se compr√≥ un fundo en el sur"", pagado por todos los chilenos. Manga de sinverg√ºenzas.",POS,0.5328192114830017,"{'POS': 0.5328192114830017, 'NEG': 0.011333507485687733, 'NEU': 0.45584726333618164}"
3054,chile,"Excelente que lo investiguen por el crimen. Por supuesto, pudieron cuestionarlo en cualquier momento de los 15 a√±os que estuvo en cana...",POS,0.506305456161499,"{'POS': 0.506305456161499, 'NEG': 0.03596464544534683, 'NEU': 0.45772987604141235}"
3069,chile,Mi pan con chancho se transform√≥ en un jam√≥n serrano despu√©s de leer esto,NEU,0.5287193059921265,"{'POS': 0.06867192685604095, 'NEG': 0.4026087522506714, 'NEU': 0.5287193059921265}"
3118,chile,Despu√©s les sacan la chucha weones m√°s choros como los argentinos y se ponen a llorar,NEU,0.542169451713562,"{'POS': 0.03830534592270851, 'NEG': 0.4195252060890198, 'NEU': 0.542169451713562}"
3149,chile,"A mi tampoco me gustan, tienen mal sabor y ni con ketchup llegan a tener buen sabor, pero al menos el canibalismo es ilegal",NEU,0.5236303210258484,"{'POS': 0.0015901682199910283, 'NEG': 0.47477948665618896, 'NEU': 0.5236303210258484}"
3206,chile,"Mi pap√° toy seguro, seguro que es Bisexual y se hace el weon. Logicamente no todos, solo los que son abiertamente homofobicos y se ponen bravos cuando ven cualquier wea que consideren gay.",NEG,0.5494966506958008,"{'POS': 0.002134040929377079, 'NEG': 0.5494966506958008, 'NEU': 0.4483692944049835}"
3220,chile,"A lo mejor s√≥lo se refiere a ""persona de izquierda"". Y es sabido que hay harto machito (no tan) encubierto en las izquierdas. Ejemplo: los que hacen tallas sobre el Cangri üíÄ.

Pero claro, ""progre"" se refiere a persona con ideas progresistas, no simplemente a cualquier tankie o picao a anarko.",NEU,0.5349225401878357,"{'POS': 0.0023579413536936045, 'NEG': 0.46271950006484985, 'NEU': 0.5349225401878357}"
3260,chile,"La mejor forma de comer cazuela es esta:

Primero tomarse el caldo, pero dejar un poco al fondo. Despu√©s la papa. Despu√©s agarras una marraqueta abierta y la pasas por el caldo, mueles el zapallo encima de la marrauqeta, le pones la carne o pollo picado y despu√©s el choclo desgranado. Lo tapas y te comes un sandwich de cazuela.",NEU,0.522858738899231,"{'POS': 0.4753834903240204, 'NEG': 0.0017577752005308867, 'NEU': 0.522858738899231}"
3357,chile,"Lo hago igual que t√∫ jajaja pens√© que era el √∫nico, encuentro que queda m√°s rica as√≠. 

Todos los que conozco se toman el caldo y despu√©s se comen el resto todo seco üòñ",POS,0.5308185815811157,"{'POS': 0.5308185815811157, 'NEG': 0.001918171881698072, 'NEU': 0.46726328134536743}"
3398,chile,"Pr√°ctica a una cuadra, luego dos, luego tres‚Ä¶ todos los d√≠as y te vas soltando. Toma tiempo pero se logra",NEU,0.5034405589103699,"{'POS': 0.4954482614994049, 'NEG': 0.0011111801723018289, 'NEU': 0.5034405589103699}"
3460,chile,"Para todos los ac√©falos que juran que ‚Äúsiempre ha sido as√≠‚Äù los invito a ver [√©ste]( documental de c√≥mo realmente son las c√°rceles venezolanas, donde los presos tienen sus propio ‚Äúgobierno‚Äù interno, y s√≥lo hay gendarmes en el per√≠metro del complejo. Es una de las weas m√°s pal pico que he visto.

A este paso creo que para all√° vamos.",POS,0.5260642170906067,"{'POS': 0.5260642170906067, 'NEG': 0.2780245542526245, 'NEU': 0.1959112137556076}"
3504,chile,Mi compare que no le sabe a la estad√≠stica:,NEU,0.547697901725769,"{'POS': 0.0017874808982014656, 'NEG': 0.45051464438438416, 'NEU': 0.547697901725769}"
3559,chile,"Es la definici√≥n. Por lo mismo el INE siempre publica al mismo tiempo el % de subempleo + cesantia Y que esta en .14,6%",NEG,0.5307341814041138,"{'POS': 0.0016971550649031997, 'NEG': 0.5307341814041138, 'NEU': 0.46756863594055176}"
3585,chile,"Perdona por la expresi√≥n, ya la saqu√©. La prensa es apolitica y busca ganancias.",NEU,0.5013436079025269,"{'POS': 0.001775864278897643, 'NEG': 0.49688053131103516, 'NEU': 0.5013436079025269}"
3592,chile,"O sea, es m√°s f√°cil y honesto revisar cu√°nto ganan individualmente, efectivamente sirviendo la mediana de ingreso INDIVIDUAL, y a lo m√°s de ah√≠ meter el concepto del disposable income.

O sea, si en un hogar dos personas ganan el m√≠nimo, no van a sentirse bien si le dices ""hey! en promedio el hogar gana un mill√≥n de pesos!""

Te van a decir que s√≠, que lo saben, porque el m√≠nimo est√° a 500 lucas.",NEG,0.5263869762420654,"{'POS': 0.0036633466370403767, 'NEG': 0.5263869762420654, 'NEU': 0.4699496328830719}"
3618,chile,El mundillo ambientalista aun espera que la reforma al c√≥digo penal tenga su primer CTM pagando con c√°rcel un delito ambiental. Estos maricones estan haciendo todos los m√©ritos.,NEU,0.4260347783565521,"{'POS': 0.2341299057006836, 'NEG': 0.33983534574508667, 'NEU': 0.4260347783565521}"
3711,chile,es que as√≠ va a crecer m√°s el pib posom,NEU,0.4258314073085785,"{'POS': 0.42267510294914246, 'NEG': 0.15149347484111786, 'NEU': 0.4258314073085785}"
3751,chile,"Pero con 3 sueldo poh, con tooo o si no pa que",NEG,0.5474246740341187,"{'POS': 0.0019416813738644123, 'NEG': 0.5474246740341187, 'NEU': 0.45063361525535583}"
3778,chile,"Y ese es uno de los grupos m√°s vulnerables y afectados por la cesant√≠a. Esto los beneficiar√≠a, les permitir√≠a ganar m√°s que cero, que es lo que obtienen siendo cesantes.",NEG,0.5488772392272949,"{'POS': 0.02601100504398346, 'NEG': 0.5488772392272949, 'NEU': 0.4251117706298828}"
3901,chile,"Tomando en cuenta como se vienen los gobiernos, 4 a√±os est√°n bien, el da√±o puede ser menor.",NEU,0.516803503036499,"{'POS': 0.480029821395874, 'NEG': 0.0031666732393205166, 'NEU': 0.516803503036499}"
4035,chile,el Fantasma?,NEU,0.5323614478111267,"{'POS': 0.003637490328401327, 'NEG': 0.4640010595321655, 'NEU': 0.5323614478111267}"
4058,chile,"que pino si son albondigas esas weas, avisen cuando corten bien la carne, pongan la cantidad correcta de cebolla, no se vayan en la vola con las pasas y con video para ver si aguanta la wea o explota o la masa absorbe la humedad y se pone blanda en 15 min, creen q la empanada chilena es solo costumbre? its science bitch",NEG,0.5310578346252441,"{'POS': 0.0014473851770162582, 'NEG': 0.5310578346252441, 'NEU': 0.46749478578567505}"
4081,chile,"Le dan color, me tinca la idea de una arepanada.",NEU,0.5235843658447266,"{'POS': 0.43345117568969727, 'NEG': 0.04296443983912468, 'NEU': 0.5235843658447266}"
4083,chile,"a mi polola chilena le dio un tiempo por hacer arepas y un dia le dije q mezcle la masa.con zapallo para hacer arepaipillas, lo hizo, pero no mejoro mucho la arepa, pense q yo iba a revolucionar la cocina latinoamericana",NEU,0.48324084281921387,"{'POS': 0.16790823638439178, 'NEG': 0.34885087609291077, 'NEU': 0.48324084281921387}"
4091,chile,"Con todo respeto, pero esa we√° es deportaci√≥n inmediata en mi libro.",NEU,0.5082836747169495,"{'POS': 0.002660499420017004, 'NEG': 0.4890558123588562, 'NEU': 0.5082836747169495}"
4172,chile,que se coman unas chirimoyas con caca,NEU,0.526166558265686,"{'POS': 0.06238410249352455, 'NEG': 0.4114493131637573, 'NEU': 0.526166558265686}"
4242,chile,La construcci√≥n de esa obra estuvo detenida como por 2 a√±os,NEG,0.5264878869056702,"{'POS': 0.0015650854911655188, 'NEG': 0.5264878869056702, 'NEU': 0.4719470143318176}"
4294,chile,"Tienes raz√≥n, pero ocurr√≠a m√°s bien cuando asum√≠a una nueva dinast√≠a o hab√≠a un quiebre importante (como cuando Tutankam√≥n y m√°s tarde la dinast√≠a XIX empez√≥ a restaurar el culto tradicional a Am√≥n y entre otras cosas intent√≥ borrar el nombre y la memoria de Akenat√≥n).

Recordemos que los egipcios eran una monarqu√≠a hereditaria por derecho divino, por lo que era importante honrar a tus predecesores siempre que fueran tus ancestros, y eliminarlos sino lo eran.

Habiendo dicho eso, es una buena analog√≠a y me hiciste reir harto.",NEG,0.49027058482170105,"{'POS': 0.020658442750573158, 'NEG': 0.49027058482170105, 'NEU': 0.48907092213630676}"
4411,chile,Como chucha salamanca debe tanta plats,NEG,0.5425477027893066,"{'POS': 0.42032694816589355, 'NEG': 0.5425477027893066, 'NEU': 0.0371253564953804}"
4481,chile,Debi√≥ haber contratado guardias privados entonces.  Como se hizo en Chile con el p√∫blico de independiente,NEG,0.5196298360824585,"{'POS': 0.0018229818670079112, 'NEG': 0.5196298360824585, 'NEU': 0.47854721546173096}"
4537,chile,"Se que dijiste 2020 pero por ese presupuesto y sin saber los detalles de tus necesidades, yo ir√≠a por un honda Civic 2013. M√≠ralos en chileautos y ver√°s que andan por tu presupuesto",NEG,0.5458195805549622,"{'POS': 0.009648673236370087, 'NEG': 0.5458195805549622, 'NEU': 0.4445316791534424}"
4613,chile,"culiar esta sobre valorado, no tiene una actualizaci√≥n desde hace millones de a√±os, en cambio WH40K...",NEG,0.5225547552108765,"{'POS': 0.0032675450202077627, 'NEG': 0.5225547552108765, 'NEU': 0.47417768836021423}"
4711,chile,"Recuerdo hace unos 4 a√±os app, para una navidad le mand√© a imprimir una Hisoka en resina a mi se√±ora con un amigo que reci√©n se hab√≠a comprado la impresora para resina, la termino de hacer un 17-18 de diciembre aproximadamente, todo el resto del tiempo tuve que tenerla en una fuente con agua y al sol para que se cure, por qu√© el perla se compr√≥ la impresora pero no la m√°quina para curar resina...
Cuento corto, una se√±ora que cuidaba a mi bb se robo la figura qla y este a√±o pretendo regalar lo mismo.
Quedan la zorra, mucho detalle, muy lisas y bien definidas, es totalmente diferente a imprimir con PLA,",POS,0.5078594088554382,"{'POS': 0.5078594088554382, 'NEG': 0.005267577711492777, 'NEU': 0.4868730306625366}"
4802,chile,Es sorprendente que estas clases de noticias nunca se detuvieron durante todo el mandato,POS,0.5344688296318054,"{'POS': 0.5344688296318054, 'NEG': 0.32145625352859497, 'NEU': 0.1440749317407608}"
4839,chile,"Weon, tuve que postular a un Fondecyt para poder ingresar a esa cuenta, lamentablemente no he podido revisarla ya que no me gan√© el fondo",NEU,0.5211882591247559,"{'POS': 0.0010826014913618565, 'NEG': 0.47772908210754395, 'NEU': 0.5211882591247559}"
4846,chile,Atraganton...  Inaaaaaaaaaaaaa...,NEU,0.5196026563644409,"{'POS': 0.00365600548684597, 'NEG': 0.47674131393432617, 'NEU': 0.5196026563644409}"
4911,chile,"Como si en este caso, la leche hubiese estado en buen estado para empezar. xD",NEU,0.5238173604011536,"{'POS': 0.41567960381507874, 'NEG': 0.06050301343202591, 'NEU': 0.5238173604011536}"
5056,chile,"Muy tarde ,hermosilla ya nos demostr√≥ que eso pasaba hace a√±os atr√°s",NEG,0.5002924203872681,"{'POS': 0.020428717136383057, 'NEG': 0.5002924203872681, 'NEU': 0.4792788028717041}"
5149,chile,">""Alicia Marcela Aguilar Carvajal muri√≥ el d√≠a 18 de septiembre de 1973, producto de un¬†impacto bal√≠stico en el t√≥rax, que fue disparado por un¬†efectivo militar, haciendo uso indebido de la fuerza, en medio de una estampida provocada por la irrupci√≥n de los funcionarios en la Plaza Panam√° de esta ciudad, ametrallando contra las personas‚Äù, se detalla en el fallo.

>Asimismo, se consigna que el d√≠a de la muerte de la menor, la madre esper√≥ a su familia toda la tarde y, en la noche,¬†solo regres√≥ la hija mayor de 7 a√±os. Posteriormente, el padre volvi√≥ m√°s tarde, tras ser¬†detenido y golpeado por militares.",NEG,0.544935941696167,"{'POS': 0.0036190347746014595, 'NEG': 0.544935941696167, 'NEU': 0.45144498348236084}"
5194,chile,jajaja un abrazo mano basta de tanta agresividad,POS,0.4949232041835785,"{'POS': 0.4949232041835785, 'NEG': 0.23352575302124023, 'NEU': 0.2715509831905365}"
5243,chile,"Es noticia a cada rato los graffitis, y no me logro acordar del nombre del perlita, pero hace 1 o 2 a√±os se llevaron detenido a un loco por grafitear una catedral. 

Y s√≠, vandalizar tambi√©n se refiere a pintar, rayar, etc.",NEG,0.548267126083374,"{'POS': 0.0031547416001558304, 'NEG': 0.548267126083374, 'NEU': 0.4485781490802765}"
5249,chile,"Todos los iconos que recibes son para conspirar contra ti inteligencia, Bravo amigo sabes mucho",NEU,0.5027894973754883,"{'POS': 0.0021326581481844187, 'NEG': 0.49507781863212585, 'NEU': 0.5027894973754883}"
5262,chile,"Atacan jud√≠os en chile, y vo justificando con weas imaginarias",NEG,0.5232325792312622,"{'POS': 0.0013181616086512804, 'NEG': 0.5232325792312622, 'NEU': 0.47544920444488525}"
5313,chile,"Igual pueden caerte mal pi√±era y la seremi, no son excluyentes, pero en el mundo dicot√≥mico de √±u√±oa eso no existe",NEG,0.541134774684906,"{'POS': 0.001661516958847642, 'NEG': 0.541134774684906, 'NEU': 0.4572036862373352}"
5315,chile,Atrapen a esa rufi√°n.,NEU,0.5070909261703491,"{'POS': 0.0153722008690238, 'NEG': 0.4775369465351105, 'NEU': 0.5070909261703491}"
5384,chile,Que hizo esa  mina que la est√°n punteando?,NEG,0.5232757925987244,"{'POS': 0.0020579274278134108, 'NEG': 0.5232757925987244, 'NEU': 0.4746662676334381}"
5454,chile,Recordemos que √©ste bastardo quiso ser presidente con esta franja electoral:,NEG,0.5138181447982788,"{'POS': 0.0016686880262568593, 'NEG': 0.5138181447982788, 'NEU': 0.48451319336891174}"
5461,chile,ü§£ü§£ü§£ü§£,NEU,0.48753833770751953,"{'POS': 0.4206865429878235, 'NEG': 0.09177517890930176, 'NEU': 0.48753833770751953}"
5505,chile,Mira con una Cordovesa me conformo,NEU,0.5291436314582825,"{'POS': 0.4602788984775543, 'NEG': 0.010577503591775894, 'NEU': 0.5291436314582825}"
5537,chile,ü§§,NEU,0.4875412881374359,"{'POS': 0.42068350315093994, 'NEG': 0.09177512675523758, 'NEU': 0.4875412881374359}"
5619,chile,"arquitectura pucv tiene el medio legado, pero s√≠, son hippies reculiaos",NEG,0.5277805924415588,"{'POS': 0.0022425155621021986, 'NEG': 0.5277805924415588, 'NEU': 0.46997684240341187}"
5626,chile,"Hace un par de a√±os est√°n despidiendo por reestructuraci√≥n y contratando gente nueva que viene con sueldos m√°s bajos, con menos bonos (o ninguno) y m√°s responsabilidades...

Cuando ya llevas m√°s de 3 o 5 a√±os te haces muy caro, porque tu sueldo sube por inflaci√≥n y adem√°s vas acumulando indemnizaci√≥n.  
Maravillosa jugada de las empresas , total hay harto reba√±o donde acudir.",NEG,0.42613139748573303,"{'POS': 0.297798752784729, 'NEG': 0.42613139748573303, 'NEU': 0.2760698199272156}"
5775,chile,"esto es del pap√° de una amiga: provincia en la sexta regi√≥n, caso de violencia intrafamiliar, la casa en cuesti√≥n estaba en una colina. El atacante (hombre, qu√© sorpresa) sale colina abajo con un cuchillo intentando atacarlo a √©l a su compa√±ero, y por la inclinaci√≥n y velocidad, al percutir el disparo en defensa propia (generalmente dirigido a los pies), fue directito a la ingle. Adi√≥s pajarito :)",NEG,0.5119096636772156,"{'POS': 0.015551316551864147, 'NEG': 0.5119096636772156, 'NEU': 0.4725390672683716}"
5809,chile,700 gramos es mucho.,NEU,0.5196859836578369,"{'POS': 0.45986300706863403, 'NEG': 0.020450999960303307, 'NEU': 0.5196859836578369}"
5834,chile,"Como cantante no es malo, Pero bueno, soy de la opini√≥n de separar al artista de la obra. De lo contrario no podr√≠a leer a Neruda. Un tipo que reconoci√≥ una violaci√≥n en un poema y abandon√≥ sentimental y econ√≥micamente a su hija, por nacer enferma.",NEG,0.5080986618995667,"{'POS': 0.002505615120753646, 'NEG': 0.5080986618995667, 'NEU': 0.4893956780433655}"
5860,chile,"Puta no quiero no quiero no quiero a Kast pero indudablemente haria un mejor trabajo que Boric o cualquier weon de izquierda.


O quizas hasta Matthei",NEU,0.5376344323158264,"{'POS': 0.4026380479335785, 'NEG': 0.05972748622298241, 'NEU': 0.5376344323158264}"
5908,chile,Por un segundo pens√© que era IA xD,NEG,0.5370641946792603,"{'POS': 0.003204032778739929, 'NEG': 0.5370641946792603, 'NEU': 0.4597317576408386}"
5961,chile,"Y los fachos culiaos webean a Boric por ser ""Presidente de curso"" y ha hecho m√°s weas de las que ellos har√≠an por la gente...",POS,0.4814968407154083,"{'POS': 0.4814968407154083, 'NEG': 0.10749442130327225, 'NEU': 0.41100871562957764}"
5987,chile,Mucho m√°s preparado que el promedio de legisladores ......,POS,0.5019840002059937,"{'POS': 0.5019840002059937, 'NEG': 0.10071256011724472, 'NEU': 0.3973034918308258}"
6106,chile,Cuando no hay argumentos...,NEG,0.5373072624206543,"{'POS': 0.0013799191219732165, 'NEG': 0.5373072624206543, 'NEU': 0.46131277084350586}"
6256,Republicadechile,üó£Ô∏è,NEU,0.4875412881374359,"{'POS': 0.42068350315093994, 'NEG': 0.09177512675523758, 'NEU': 0.4875412881374359}"
6262,Republicadechile,"No se si puedo preguntar aqui, pero alguien sabe porqu√© no se puede ingresar al chat de la comunidad???",NEU,0.5142356157302856,"{'POS': 0.001061468617990613, 'NEG': 0.4847029745578766, 'NEU': 0.5142356157302856}"
6327,Republicadechile,"Que triste, no creo que existan palabras para apaciguar tal dolor, te env√≠o mis mejores energias y fuerzas para lo que se viene. Refugiate en lo bueno que comentas, estaba feliz y conforme con su vida, se sent√≠a amada y orgullosa de sus hijos, que como padre te puedo decir que no hay nada mas grande que ese sentimiento, se d√≠a a d√≠a la persona que la hacia orgullosa y asi siempre las vas a honrar, un abrazo y fuerza !",NEG,0.4271562993526459,"{'POS': 0.2487422227859497, 'NEG': 0.4271562993526459, 'NEU': 0.3241014778614044}"
6354,Republicadechile,üíî,NEU,0.487539142370224,"{'POS': 0.4206858277320862, 'NEG': 0.09177497774362564, 'NEU': 0.487539142370224}"
6355,Republicadechile,"Hno te mando fuerza y espero te puedas recuperar pronto de esto. Lamentablemente la vida siempre nos depara sorpresas, hay que saber sobrellevarlas y seguir adelante. Un abrazo y lo siento.",NEU,0.5084108710289001,"{'POS': 0.3898121416568756, 'NEG': 0.10177697986364365, 'NEU': 0.5084108710289001}"
6394,Republicadechile,La √∫nica forma es que se piteen a maduro y toda la cadena de mando y parta el √©xodo de los v-word devuelta pa su pais,NEU,0.5295940637588501,"{'POS': 0.002158366609364748, 'NEG': 0.46824756264686584, 'NEU': 0.5295940637588501}"
6423,Republicadechile,Anda a cagar. Un besito.,NEU,0.5374709963798523,"{'POS': 0.4479544758796692, 'NEG': 0.014574503526091576, 'NEU': 0.5374709963798523}"
6468,Republicadechile,Nadie te va a sacar a los V. Olv√≠dalo,NEU,0.507422924041748,"{'POS': 0.013071639463305473, 'NEG': 0.4795054495334625, 'NEU': 0.507422924041748}"
6475,Republicadechile,A ninguno derecha,NEU,0.5403426885604858,"{'POS': 0.002370287897065282, 'NEG': 0.4572870135307312, 'NEU': 0.5403426885604858}"
6554,Republicadechile,"ademas de que los venezuelan habitantes son votos seguros para la derecha de aqui a futuro, igual que antes eran otros tipos de inmigrantes pa la izquierda",POS,0.544348418712616,"{'POS': 0.544348418712616, 'NEG': 0.0018915546825155616, 'NEU': 0.4537600576877594}"
6556,Republicadechile,üëÜ,NEU,0.4875412881374359,"{'POS': 0.42068350315093994, 'NEG': 0.09177512675523758, 'NEU': 0.4875412881374359}"
6572,Republicadechile,"Latinamerica es xenofobica, siempre lo hemos sido. La unica diferencia es que ahora hay un enemigo comun y empieza con V",NEG,0.5327804088592529,"{'POS': 0.0020802130457013845, 'NEG': 0.5327804088592529, 'NEU': 0.46513932943344116}"
6613,Republicadechile,Stalin,NEU,0.5203884840011597,"{'POS': 0.007408904377371073, 'NEG': 0.4722025692462921, 'NEU': 0.5203884840011597}"
6712,Republicadechile,üìåüÖæÔ∏èüí©,NEU,0.4875395894050598,"{'POS': 0.4206852316856384, 'NEG': 0.09177525341510773, 'NEU': 0.4875395894050598}"
6752,Republicadechile,"Desde chico... Qu√© tiene de especial?? Al final, cualquiera puede hacerlo si lo intenta o practica, y a decir verdad, estoy con la vista borrosa escribiendo esto XD ü§£ü§£ü§£ü§£",NEG,0.5314831733703613,"{'POS': 0.014641114510595798, 'NEG': 0.5314831733703613, 'NEU': 0.45387572050094604}"
6753,Republicadechile,"Siempre he podido hacerlo, al igual que mover las orejas, xd. Aunque algo que nunca pude hacer era eso que hac√≠an de agarrarse los ojos y hacerselos para atras como mostrando la carne del ojo, shkajskakak. Era de esas t√≠picas cosas que algunos mostraban cuando cabro chico para hacerse los interesantes pero que causaban cierta incomodidad.",NEG,0.5481731295585632,"{'POS': 0.004346184898167849, 'NEG': 0.5481731295585632, 'NEU': 0.4474806785583496}"
6816,Republicadechile,Tambi√©n lo creo,NEU,0.5193226337432861,"{'POS': 0.4776347577571869, 'NEG': 0.0030425956938415766, 'NEU': 0.5193226337432861}"
6831,Republicadechile,"Lo s√©, pero dan ganas",NEU,0.5318719148635864,"{'POS': 0.02511042170226574, 'NEG': 0.4430176615715027, 'NEU': 0.5318719148635864}"
6840,Republicadechile,9 toneladas de oro se rob√≥ pinoshit y las escondi√≥ en hong kong.,NEG,0.5040037035942078,"{'POS': 0.0058880639262497425, 'NEG': 0.5040037035942078, 'NEU': 0.4901082217693329}"
6862,Republicadechile,"mira si a dia de hoy me ofrecen a un wn que cometa los mismos cr√≠menes humanitarios que cometio pinochet con gente opositora, pero en este caso realizado con caribe√±os, lo tomo de una, que se robe la wea que quiera siempre y cuando entregue el pa√≠s limpio, que lindo que es so√±ar :c",POS,0.47236526012420654,"{'POS': 0.47236526012420654, 'NEG': 0.37023645639419556, 'NEU': 0.15739832818508148}"
6903,Republicadechile,Todav√≠a existen o colapsaron? üëÄ,NEG,0.5296263098716736,"{'POS': 0.0016348391072824597, 'NEG': 0.5296263098716736, 'NEU': 0.468738853931427}"
7029,Republicadechile,"Mejorar las pensiones? Aumento 50 lucas todas cagas weon xD, ahora los avances son migajas cornetas",NEU,0.5287551283836365,"{'POS': 0.00312898401170969, 'NEG': 0.4681158661842346, 'NEU': 0.5287551283836365}"
7085,Republicadechile,ü§£ü§£ü§£ü§£,NEU,0.4875395894050598,"{'POS': 0.4206852316856384, 'NEG': 0.09177525341510773, 'NEU': 0.4875395894050598}"
7110,Republicadechile,Hay que tener las pelotas para salvar las pensiones.,NEU,0.43914979696273804,"{'POS': 0.222834050655365, 'NEG': 0.3380160927772522, 'NEU': 0.43914979696273804}"
7119,Republicadechile,üòÇ,NEU,0.48754021525382996,"{'POS': 0.4206848442554474, 'NEG': 0.09177495539188385, 'NEU': 0.48754021525382996}"
7128,Republicadechile,cada dia mas cerca de ser Corea del Norte,NEG,0.45933645963668823,"{'POS': 0.3369865417480469, 'NEG': 0.45933645963668823, 'NEU': 0.20367702841758728}"
7139,Republicadechile,"Wey, le qued√≥ chingon. ü§£ü§£",NEU,0.5010997653007507,"{'POS': 0.030621584504842758, 'NEG': 0.4682786464691162, 'NEU': 0.5010997653007507}"
7143,Republicadechile,Asi con el progresismo que andan proyectando lo fachos qliaos que son,NEU,0.5033469796180725,"{'POS': 0.09153629094362259, 'NEG': 0.4051167368888855, 'NEU': 0.5033469796180725}"
7151,Republicadechile,üòÇ,NEU,0.4875412881374359,"{'POS': 0.42068350315093994, 'NEG': 0.09177512675523758, 'NEU': 0.4875412881374359}"
7168,Republicadechile,"Un poco t√∫ crees? Un ""poco""?",NEU,0.480752557516098,"{'POS': 0.2790645956993103, 'NEG': 0.24018286168575287, 'NEU': 0.480752557516098}"
7282,Republicadechile,üòÇüòÇ,NEU,0.4875412881374359,"{'POS': 0.42068350315093994, 'NEG': 0.09177512675523758, 'NEU': 0.4875412881374359}"
7307,Republicadechile,"Pero amiga piensa que si estuvieras trabajando de todas formas ella tendria que quedarse sola esas horas. Se que quieres apoyar a tu grupo familiar y te aplaudo por ello, si alli esta tu corazon entonces dale, pero nunca olvides que esta vida y este futuro son tuyos y no lo digo como algo egoista sino como una responsabilidad inevitable a futuro. Un abrazo a la distancia!",POS,0.5012660026550293,"{'POS': 0.5012660026550293, 'NEG': 0.0010481689823791385, 'NEU': 0.49768581986427307}"
7402,Republicadechile,Chile un pa√≠s demasiado generoso....,NEU,0.5289976596832275,"{'POS': 0.46999797224998474, 'NEG': 0.001004297286272049, 'NEU': 0.5289976596832275}"
7419,Republicadechile,Aparte de izar la bandera los soldados chilenos saquearon y violaron a todo lo que se cruz√≥ por delante. Yo creo que por lo menos la mitad de la descendencia lime√±a debe ser chilena jajaj,NEU,0.543949544429779,"{'POS': 0.003065119031816721, 'NEG': 0.45298537611961365, 'NEU': 0.543949544429779}"
7437,Republicadechile,ü§£,NEU,0.4875395894050598,"{'POS': 0.4206852316856384, 'NEG': 0.09177525341510773, 'NEU': 0.4875395894050598}"
7460,Republicadechile,ü§£ü§£ü§£,NEU,0.4875395894050598,"{'POS': 0.4206852316856384, 'NEG': 0.09177525341510773, 'NEU': 0.4875395894050598}"
7476,Republicadechile,"en un debate dijo exactamente eso: le preguntaron que har√≠a si durante su mandato se generan protestas como las del 2019

Estar√≠a en primera linea, dijo. Protestando junto al pueblo


Fuera de webeo Artes ser√≠a un presidente divertido",NEU,0.5196593403816223,"{'POS': 0.44284170866012573, 'NEG': 0.03749895468354225, 'NEU': 0.5196593403816223}"
7568,Republicadechile,ya pero le vi√≥ el ojo a la papa sobrino? o me sali√≥ wekereke,NEG,0.5495003461837769,"{'POS': 0.003095308318734169, 'NEG': 0.5495003461837769, 'NEU': 0.44740429520606995}"
7636,Republicadechile,"Si creyeras que est√°s bien pensando as√≠ no estar√≠as publicando esto, ni siquiera ser√≠a tema.",NEG,0.5338271856307983,"{'POS': 0.0031163974199444056, 'NEG': 0.5338271856307983, 'NEU': 0.4630564749240875}"
7653,Republicadechile,No pololearia jam√°s con alguien asi jaja,NEU,0.5066301822662354,"{'POS': 0.0058002229779958725, 'NEG': 0.4875696301460266, 'NEU': 0.5066301822662354}"
7689,Republicadechile,ü§°,NEU,0.487539142370224,"{'POS': 0.4206858277320862, 'NEG': 0.09177497774362564, 'NEU': 0.487539142370224}"
7698,Republicadechile,üò≠üò≠√ëDKDNF√ë,NEU,0.4875412881374359,"{'POS': 0.42068350315093994, 'NEG': 0.09177512675523758, 'NEU': 0.4875412881374359}"
7719,Republicadechile,"Nooo jsjsj, ah√≠ le respond√≠ a un usuario un poquito m√°s abajo de ti en relaci√≥n a las amistades. Yo soy s√∫per sociable en verdad; siempre que estoy en un ambiente donde tengo que socializar, (no es como que le hable a alguien X de la calle porque s√≠ jsj) les caigo bien a todos, nunca me han rechazado por ser como soy ni nada, soy una persona promedio. Tampoco siento que hable de una manera extra√±a (si es que se le puede llamar as√≠) con las personas.

Iiiiinclusive, no lo hab√≠a dicho, pero en la U una compa√±era me dijo que le gustaba, y ella cre√≠a que yo tambi√©n ten√≠a inter√©s pero lo mal pens√≥ por que yo soy s√∫per sociable y los veo a todos x igual. Y bueno como estoy tan encerrado en esta idea del pololeo que tengo, y aparte que no me interesaba mi compa√±era, le dije que nopo, y bien.

Pero eso, en mi vida eh odiado a alguien :p",NEU,0.527088463306427,"{'POS': 0.03237093985080719, 'NEG': 0.440540611743927, 'NEU': 0.527088463306427}"
7739,Republicadechile,"Si, hay puras hambre-hadas en FB parejas, hay que tener 1000 filtros.",NEG,0.39165446162223816,"{'POS': 0.34220853447914124, 'NEG': 0.39165446162223816, 'NEU': 0.266137033700943}"
7743,Republicadechile,"no se porque sera pero en ninguna app de citas me ha tocado alguien asi ajksjkl  
una pura vez una mina medio interesada  
pero incluso cuando he hablado con minas mas mayores tampoco",NEU,0.5102795362472534,"{'POS': 0.21396467089653015, 'NEG': 0.27575576305389404, 'NEU': 0.5102795362472534}"
7745,Republicadechile,"aunque no lo creai, hay mujeres +25 que no trabajan y viven de allegados en el depa/casa de sus pap√°s/hermanos/as. Literalmente buscan dependencia econ√≥mica pero adaptarse a la etapa de vida que deber√≠an tener. Yo en lo personal en mis fases de joven descubriendo relaciones afectivas e intimas a los 20 me toc√≥ presenciar situaciones as√≠",NEG,0.500687301158905,"{'POS': 0.01798153668642044, 'NEG': 0.500687301158905, 'NEU': 0.4813311696052551}"
7752,Republicadechile,"En enero sal√≠ con una que ten√≠a 2 hijos y la conoc√≠ en el Facebook Match. Nunca me pidi√≥ dinero, pero si que quer√≠a que yo me quedara con ella ""matrimonio"". Al final solo fue coger y si que lo sabe hacer rico y listo, para marzo no seguimos juntandonos.",NEU,0.538701593875885,"{'POS': 0.004063333850353956, 'NEG': 0.4572351276874542, 'NEU': 0.538701593875885}"
7756,Republicadechile,‚ò†Ô∏è,NEU,0.4875412881374359,"{'POS': 0.42068350315093994, 'NEG': 0.09177512675523758, 'NEU': 0.4875412881374359}"
7906,Republicadechile,A otro le arde el Hoyo que anda respaldando viejo Xd,NEU,0.37957996129989624,"{'POS': 0.27989712357521057, 'NEG': 0.3405229151248932, 'NEU': 0.37957996129989624}"
8000,Republicadechile,"No lo tomo con ese fin, pero igual es un buen efecto secundario jaja",POS,0.5406784415245056,"{'POS': 0.5406784415245056, 'NEG': 0.00046127018867991865, 'NEU': 0.4588603079319}"
8045,Republicadechile,"‚ÄúSalir‚Äù,si claro,m√°s serio no te lo recomiendo",NEU,0.5393816828727722,"{'POS': 0.0050766346976161, 'NEG': 0.4555417001247406, 'NEU': 0.5393816828727722}"
8305,Republicadechile,"Le quiero dar la segunda vida que se merece. Apenas tiene 60k y se la paso tirado al fondo de un sitio todos estos a√±os, apenas lo sacaban 1 o 2 veces al mes porque el due√±o original le gustan mas las camionetas grandes, asi que no se para que compro un Mini para empezar",NEG,0.5315849184989929,"{'POS': 0.006738697644323111, 'NEG': 0.5315849184989929, 'NEU': 0.4616764485836029}"
8400,Republicadechile,el precio de que?,NEU,0.5434415340423584,"{'POS': 0.002270943019539118, 'NEG': 0.4542875587940216, 'NEU': 0.5434415340423584}"
8410,Republicadechile,"En qu√© pueblo 300usd te hacen clase media-ALTA?

1000usd para 4 personas es mucho mejor q 600usd para 1 persona?",NEU,0.5068134665489197,"{'POS': 0.43949374556541443, 'NEG': 0.05369284376502037, 'NEU': 0.5068134665489197}"
8570,Republicadechile,"Convivir con alguien es cambiar la rutina. Si no tienes inter√©s en apartar un momento de tu rutina en una pareja (y posible familia), entonces no es momento. Si realmente tienes inter√©s en conocer mujeres, creo que la mejor manera es buscar grupos o comunidades en persona o en l√≠nea donde participen mujeres. Busca alguien que congenie contigo en tus intereses y gustos y con quien las conversaciones fluyan de manera natural. Tienes tus asuntos bien resueltos y tus rutinas claras, as√≠ que deber√≠as cumplir con las expectativas de las mujeres. Si das muestras de caballerosidad m√≠nimas, eres firme en tus convicciones y no te vuelves pegote ni invasivo, no deber√≠a ser complicado encontrar a una que se interese por t√≠ de forma permanente.",NEU,0.5430248975753784,"{'POS': 0.45613130927085876, 'NEG': 0.0008438721997663379, 'NEU': 0.5430248975753784}"
8594,Republicadechile,"El otro d√≠a v√≠ un reel de un tipo que dec√≠a, para encontrar pareja anda a clases de algo: encuentras gente que tiene un inter√©s en com√∫n, tiene la capacidad de querer aprender algo nuevo, tiene el dinero suficiente para pagar una clase, tiene una m√≠nima noci√≥n de como interactuar con m√°s gente y si no sale algo rom√°ntico te quedas con el aprendizaje y quiz√° un nuevo amigo/a",POS,0.5242300033569336,"{'POS': 0.5242300033569336, 'NEG': 0.003159830579534173, 'NEU': 0.4726101756095886}"
8663,Republicadechile,Por qu√© feo ? O acaso uno tiene que ser bonito para estar con polola y feo no por que es la naturaleza? Para estar con una escort puedes ser bonito tambi√©n y estar en la onda de quererse uno y no pensar en amarrarse con pareja y listo.,NEU,0.5476760864257812,"{'POS': 0.0023684673942625523, 'NEG': 0.44995543360710144, 'NEU': 0.5476760864257812}"
8711,Republicadechile,üëç,NEU,0.4875395894050598,"{'POS': 0.4206852316856384, 'NEG': 0.09177525341510773, 'NEU': 0.4875395894050598}"
8739,Republicadechile,"Piola, sal√≠ de la U y encontr√© pega relativamente r√°pido (dos meses despu√©s) y ahora trabajo y pago mis impuestos, como un buen ciudadano. No necesito m√°s",POS,0.5110136866569519,"{'POS': 0.5110136866569519, 'NEG': 0.03416179120540619, 'NEU': 0.4548245370388031}"
8754,Republicadechile,"Mira hermano, primero que nada (mucha gente puede estar en desacuerdo, pero esta es mi opini√≥n): T√∫ anda bien seguro de ti mismo, da por seguro que le gustas a la mina. Contrario a lo que algunos pueden creer, las minas no hacen we√°s ""porque s√≠"", no pregunta por ti ""por amabilidad"" ni mucho menos busc√≥ tu n√∫mero por ""amistad"". A la mina le gustas y t√∫ anda confiado de eso porque tambi√©n hay que tener alta el autoestima mi bro.

Segundo, yo personalmente te recomendar√≠a que averig√ºes cu√°les son sus intenciones contigo: ella podr√≠a querer algo serio contigo o simplemente buscar una cachita.
¬øPor qu√© te digo eso? Porque dependiendo de qu√© busque ella t√∫ debes estar preparado para una u otra cosa hermano y, a√∫n m√°s importante que eso, deben buscar lo mismo: si t√∫ quieres algo serio y ella solo quiere algo del rato y para divertirse sin compromiso, entonces t√∫ podr√≠as salir muy lastimado hermano.

Por √∫ltimo, respondiendo a tu pregunta: Si ambos buscan lo mismo (una relaci√≥n seria por ejemplo) te aseguro que si ella es la indicada le vas a gustar seas como seas, no hace falta aparentar algo que no eres o hacerte el interesante; solo haz lo que te gusta hacer y ll√©vala a lugares que para ti sean especiales o, si no, lugares que creas que podr√≠an gustarle. Solo haz todo desde el amor y la buena intenci√≥n con ella y todo saldr√° bien.

En las relaciones amorosas no existen personas buenas o malas, mejores o peores; solo personas compatibles y no. √âxito en todo mi hermanoü´°",POS,0.5265334844589233,"{'POS': 0.5265334844589233, 'NEG': 0.0016541223740205169, 'NEU': 0.4718124568462372}"
8787,Republicadechile,"Yo la invitar√≠a a un lugar donde puedan conversar, a cenar, a un caf√© o a tomar y comer algo en alg√∫n lugar con terraza. No cine, teatro o pub ruidoso. Pero primero pregunt√°ndole qu√© le gusta y se arma el plan desde ah√≠. Ojito a la presentaci√≥n personal.

Si te cuesta meter conversa, ya el mismo panorama te ofrece tema de conversaci√≥n: la carta, el lugar. Trata de escucharla activamente, evita abusar del yo-yo y hablar mal de nadie. 

Ofrece llevarla a su casa, aunque sea en uber si andas a patita. Si te dice que no, esperas hasta que ella se vaya. Si sale otra cita, bien. Si no, no hiciste nada malo. Que te vaya bien.",POS,0.5318905115127563,"{'POS': 0.5318905115127563, 'NEG': 0.0007295619579963386, 'NEU': 0.46737992763519287}"
8957,Republicadechile,"Ya, pero fachos qls de este sub y no fachos, admitan que la del ciclo del agua estuvo chistosa jajajaja",NEG,0.5003654956817627,"{'POS': 0.013241851702332497, 'NEG': 0.5003654956817627, 'NEU': 0.486392617225647}"
8986,Republicadechile,"Animalitos.  

La izquierda grit√°ndole a la derecha: ""Est√° bien""    
La derecha gritando a la izquierda: ""Opresi√≥n, fascistas""",NEU,0.5423646569252014,"{'POS': 0.003140136366710067, 'NEG': 0.4544951915740967, 'NEU': 0.5423646569252014}"
9070,Republicadechile,2018,POS,0.5362197756767273,"{'POS': 0.5362197756767273, 'NEG': 0.03180297836661339, 'NEU': 0.43197721242904663}"
9071,Republicadechile,2018,POS,0.5362197756767273,"{'POS': 0.5362197756767273, 'NEG': 0.03180297836661339, 'NEU': 0.43197721242904663}"
9159,Republicadechile,Silencio mongoloide hijo de primos,NEU,0.5439741611480713,"{'POS': 0.002084751846268773, 'NEG': 0.4539410471916199, 'NEU': 0.5439741611480713}"
9169,Republicadechile,"Una de las caracter√≠sticas de un auto es tener ventanas, no por eso una casa es un auto.

Y dos malas no hacen una buena.",NEU,0.5165825486183167,"{'POS': 0.014641285873949528, 'NEG': 0.468776136636734, 'NEU': 0.5165825486183167}"
9235,Republicadechile,mitula,POS,0.5057535767555237,"{'POS': 0.5057535767555237, 'NEG': 0.004205888137221336, 'NEU': 0.49004051089286804}"
9308,Republicadechile,"Pero si la wea se llama as√≠.

Dudo que tu juegues una estaci√≥n de juego o le digas balompi√©.",NEU,0.5138909816741943,"{'POS': 0.0014689350500702858, 'NEG': 0.48464012145996094, 'NEU': 0.5138909816741943}"
9407,Republicadechile,"Da lo mismo, si estuviese vivo el dictador, posiblemente estar√≠a en su casa todos los d√≠as",NEG,0.5481869578361511,"{'POS': 0.005219598766416311, 'NEG': 0.5481869578361511, 'NEU': 0.44659343361854553}"
9413,Republicadechile,"oye el weon repelente. no dej√≥ en rid√≠culo a M√≥nica Rinc√≥n, se dej√≥ en rid√≠culo solo.",POS,0.5436015725135803,"{'POS': 0.5436015725135803, 'NEG': 0.0012158069293946028, 'NEU': 0.45518261194229126}"
9556,Republicadechile,Como funciona esta weaita? Vas y agregas lo que quieras con una imagen? O tienes que ir dibujando pixel por pixel? Como se lidia con trolls que te caguen los dibujos?,NEU,0.5463142395019531,"{'POS': 0.0021768223959952593, 'NEG': 0.45150887966156006, 'NEU': 0.5463142395019531}"
9600,Republicadechile,"Y el del UCM tambi√©n, bien ah√≠ Wolverine cuando le dijo sus verdades a la cara",POS,0.527826189994812,"{'POS': 0.527826189994812, 'NEG': 0.13137468695640564, 'NEU': 0.34079909324645996}"
9692,Republicadechile,üëÄ,NEU,0.4875412881374359,"{'POS': 0.42068350315093994, 'NEG': 0.09177512675523758, 'NEU': 0.4875412881374359}"
9838,Republicadechile,"""me tienen cansado con la pol√≠tica de los acuerdos"" felicidades amigo, lograste ser menos democr√°tico que Jeannete Jara, Camila Vallejos y varios miembros del PC lolazo",POS,0.5034177303314209,"{'POS': 0.5034177303314209, 'NEG': 0.18250824511051178, 'NEU': 0.31407400965690613}"
9906,Republicadechile,"Aers... El s√≠mbolo puede cambiar y la historia ser√≠a la misma. Moraleja, todo extremo es malo, porque siempre est√° dirigido por un loco que se encarga de convencer que el odio es el camino.",NEG,0.5469744205474854,"{'POS': 0.0026469307485967875, 'NEG': 0.5469744205474854, 'NEU': 0.4503785967826843}"
9947,Republicadechile,"podrias ponerle el signo dolar encima, y es exactamente lo mismo. no tiene ninguna clase de profundidad

viste? por eso la derecha no tiene artistas",NEU,0.527609646320343,"{'POS': 0.0014101364649832249, 'NEG': 0.4709802269935608, 'NEU': 0.527609646320343}"
9974,Republicadechile,"jajaja

Cuando la tropa de liceanos respondiendo este hilo se enteren del monumento de Treptower Park en Berl√≠n‚Ä¶",NEU,0.48110267519950867,"{'POS': 0.43642231822013855, 'NEG': 0.08247507363557816, 'NEU': 0.48110267519950867}"
9975,Republicadechile,Fascistas y nazis con los que hab√≠an acordado un pacto de no agresi√≥n y que si Hitler no hubiese iniciado la operaci√≥n Barbarroja habr√≠an seguido tan amiguis como siempre,NEU,0.5342522859573364,"{'POS': 0.005568076390773058, 'NEG': 0.4601796567440033, 'NEU': 0.5342522859573364}"
10023,Republicadechile,"You had me at orgias bisexuales, hay que aumentar kilometraje",POS,0.5456880331039429,"{'POS': 0.5456880331039429, 'NEG': 0.16313929855823517, 'NEU': 0.29117268323898315}"
10036,Republicadechile,"¬øDonde suavic√© el comunismo? Est√° bien que seas tan incapaz de hilar dos ideas seguidas que no puedas escribir ni un solo argumento adulto, pero al menls trata de mantener tu dignidad.",NEG,0.5464234948158264,"{'POS': 0.009050972759723663, 'NEG': 0.5464234948158264, 'NEU': 0.44452548027038574}"
10228,Republicadechile,"Tu caso aplica directamente para Ley Karin ,junta evidencia , para que tu denuncia sea s√≥lida. Tema aparte es muy t√≥xico el ambiente en salud.",NEG,0.5353699922561646,"{'POS': 0.004599065985530615, 'NEG': 0.5353699922561646, 'NEU': 0.4600309431552887}"
10458,Republicadechile,"Esperemos que el papi Trump haga la pega y saque al ql del Maduro. 

Venezuela es m√°s rico que la xuxa. Si logran recuperar la democracia se van a devolver todos para all√°.",NEG,0.5146223902702332,"{'POS': 0.04846759885549545, 'NEG': 0.5146223902702332, 'NEU': 0.436909943819046}"
10485,Republicadechile,Una vez com√≠ en un local de empanadas donde TODAS eran fritas con masa de harina de choclo. Era horrible aceite goteando por toda la mesa tuve que usar como 30 servilletas y el sabor era solo de sabor a aceite.,NEG,0.4394780695438385,"{'POS': 0.12199930846691132, 'NEG': 0.4394780695438385, 'NEU': 0.438522607088089}"
10522,Republicadechile,Buscate un problema honesto,NEG,0.5088241696357727,"{'POS': 0.00175372080411762, 'NEG': 0.5088241696357727, 'NEU': 0.48942214250564575}"
10524,Republicadechile,ü§£ü§£ü§£ü§£ü§£ü§£ü§£,NEU,0.4875412881374359,"{'POS': 0.42068350315093994, 'NEG': 0.09177512675523758, 'NEU': 0.4875412881374359}"
10552,Republicadechile,Juras que Trump lo va hacer gratis? Por algo le echo el ojo a ese pa√≠s.,NEG,0.5386469960212708,"{'POS': 0.010772180743515491, 'NEG': 0.5386469960212708, 'NEU': 0.4505808353424072}"
10568,Republicadechile,"Si vieras las mezclas y versiones de sushi que se fabrican en Jap√≥n, te da un infarto o un acv fijo.",NEU,0.5187100768089294,"{'POS': 0.003652195679023862, 'NEG': 0.47763770818710327, 'NEU': 0.5187100768089294}"
10594,Republicadechile,"Es que ac√° llegan todos los que se creen √∫nicos y detergentes x ser ""diestros"", cuando en realidad se est√°n graduando de viejas chepas muy anticipadamente (igual felicidades x ese logro (?))",NEU,0.39668548107147217,"{'POS': 0.35992923378944397, 'NEG': 0.24338531494140625, 'NEU': 0.39668548107147217}"
10784,Republicadechile,"con 7 esta bien, yo no puedo dormir mas de 6:30 a 7:30, simplemente no puedo, igual depende de la persona, pero no todos duermen 8",NEU,0.5174238681793213,"{'POS': 0.0009496296406723559, 'NEG': 0.4816264510154724, 'NEU': 0.5174238681793213}"
10850,Republicadechile,"El perro alcalde fue procesado por corrupci√≥n el a√±o 2014  en el final de su periodo de senador por la regi√≥n de los Lagos y fue sobrese√≠do por falta de pruebas concluyentes, luego de su participaci√≥n en el caso de financiamiento ilegal de la pol√≠tica el a√±o 2016 fue declarado inhabilitado para ocupar cargos p√∫blicos por 5 a√±os y finalmente por su cercana relaci√≥n con el caso de la colusi√≥n del pollito en el 2021, su probidad fue puesta en duda frente a la contralor√≠a general de la rep√∫blica siendo condenado a una multa de 150utm‚Ä¶ fuente: google.gg ü§ù",NEG,0.499236136674881,"{'POS': 0.004405701067298651, 'NEG': 0.499236136674881, 'NEU': 0.49635815620422363}"
10904,Republicadechile,"Republica de chile ser como;

BORIC DESTRUCTOR DE CHILEEE",NEU,0.5445446968078613,"{'POS': 0.03293323144316673, 'NEG': 0.42252206802368164, 'NEU': 0.5445446968078613}"
10915,Republicadechile,ü§£,NEU,0.4875412881374359,"{'POS': 0.42068350315093994, 'NEG': 0.09177512675523758, 'NEU': 0.4875412881374359}"
10923,Republicadechile,ü§£ü§£ü§£ü§£ü§£ü§£ü§£ü§£,NEU,0.4875412881374359,"{'POS': 0.42068350315093994, 'NEG': 0.09177512675523758, 'NEU': 0.4875412881374359}"
10944,Republicadechile,ü§£ü§£ü§£,NEU,0.487539142370224,"{'POS': 0.4206858277320862, 'NEG': 0.09177497774362564, 'NEU': 0.487539142370224}"
10948,Republicadechile,"Una correcci√≥n, simplemente por aclarar, el Partido Libertario que se menciona, fue el primer intento de creaci√≥n de un partido de esa √≠ndole (Libertarianismo de derecha), duro con suerte 2 a√±os por peleas/discusiones internas y una mala organizaci√≥n entre militantes y posibles simpatizantes, no alcanz√≥ a constituirse, tuvo la visibilidad suficiente para hacerlo pero no convenci√≥ a muchas personas, por lo cual termino disolvi√©ndose.",NEG,0.5184069871902466,"{'POS': 0.001195895834825933, 'NEG': 0.5184069871902466, 'NEU': 0.48039713501930237}"
11025,Santiago,"Si es en un cit√©, ah√≠ no m√°s. En casa sin cit√© no es tan malo, tampoco el mejor. De noche a veces es peludo.",NEU,0.5168254375457764,"{'POS': 0.020267199724912643, 'NEG': 0.4629073143005371, 'NEU': 0.5168254375457764}"
11148,Santiago,"I‚Äôve been going to a lot of festivals and DJ sets in Chile, and my advice is to always buy tickets from the official site (Ticketmaster) and watch out for scams (Reddit too). There‚Äôs also a lot of phone theft at festivals, so make sure to keep an eye on yours whenever you can!",NEU,0.504630982875824,"{'POS': 0.40590599179267883, 'NEG': 0.089463010430336, 'NEU': 0.504630982875824}"
11161,Santiago,"You can pay everything with a card at Lolla, I'd say cash is not really necessary.",NEU,0.5139840841293335,"{'POS': 0.003281660843640566, 'NEG': 0.4827342927455902, 'NEU': 0.5139840841293335}"
11178,Santiago,"A+ attitude, thank you! (This is not sarcasm in case it comes across that way.)",NEU,0.5327847599983215,"{'POS': 0.28043025732040405, 'NEG': 0.18678495287895203, 'NEU': 0.5327847599983215}"
11376,Santiago,"Eso mismo, el MUT se aprovecho de un punto accesible y denso, aprovecho mejor que el Costanera.

Pero hay muchisimos otros puntos m√°s densos y transitados que se beneficiarian de centros as√≠ de bacanes.

Ni hablar de las comunas afuera del centro, esas estan a una hora de centros comerciales.",POS,0.4905506372451782,"{'POS': 0.4905506372451782, 'NEG': 0.2753877639770508, 'NEU': 0.23406155407428741}"
11418,Santiago,Y el de la certificaci√≥n de instalaci√≥n. Importante tambi√©n.,NEU,0.5244024991989136,"{'POS': 0.4743548631668091, 'NEG': 0.001242638099938631, 'NEU': 0.5244024991989136}"
11460,Santiago,"Aprovechando el post me acuerdo que hace a√±os el *pretencioso starter pack* en el mundo musical era gustarte Gepe , Mon Laferte, Nano Stern y Jacob Collier üòÜ.",NEU,0.5191835761070251,"{'POS': 0.4750458002090454, 'NEG': 0.005770598538219929, 'NEU': 0.5191835761070251}"
11465,Santiago,Es que el comentario levantado de raja po jaja,NEU,0.5204548239707947,"{'POS': 0.0024191406555473804, 'NEG': 0.4771260619163513, 'NEU': 0.5204548239707947}"
11487,Santiago,Que vienen los Pacos! Wiu Wiu!,NEU,0.523954451084137,"{'POS': 0.461947500705719, 'NEG': 0.01409805566072464, 'NEU': 0.523954451084137}"
11647,Santiago,"En eventos donde se amontona harta gente a la salida se producen una gran cantidad de hurtos, es recomdable estar bien atento al salir sobre todo si se produce una aglomeraci√≥n importante. 

Al salir trata de no esperar mucho tiempo solo o si hay m√°s gente esperando tienes un margen mayor para moverte o esperar.

La zona en s√≠ puede prestarse para lanzasos o cogoteos, pero mientras est√©s atento y tomes resguardos como todo lo que ya te han comentado no te pasar√° nada.

Disfruta del evento üòâ",NEU,0.5387728214263916,"{'POS': 0.45574241876602173, 'NEG': 0.0054847439751029015, 'NEU': 0.5387728214263916}"
11649,Santiago,"Fui a un concierto el a√±o pasado, quitando que parece horno la wea y los 80 pisos que tiene para subir y bajar, el show termin√≥ justo para que alcanzar√° a tomar metro, en la salida al menos esa vez hab√≠a harto moviendo y no se sent√≠a tan solo.",POS,0.429636150598526,"{'POS': 0.429636150598526, 'NEG': 0.14541317522525787, 'NEU': 0.42495062947273254}"
11726,Santiago,Bacaaan jiji gracias por la aclaraciooon,POS,0.524911642074585,"{'POS': 0.524911642074585, 'NEG': 0.0005865557468496263, 'NEU': 0.4745018184185028}"
12006,Santiago,"Calmao viejo, el paco argentino promedio es el jefe gorgory y los milicos no son mucho mejores, la frontera est√° a salvo ü§£",NEG,0.4752664566040039,"{'POS': 0.3686378002166748, 'NEG': 0.4752664566040039, 'NEU': 0.1560957133769989}"
12026,Santiago,"Hay que terminar con estos delincuentes, hay identificaciones, camaras, videos y de todo para actuar distinto. 
Mi intencion no era quitar responsabilidad a las ""barras"", sino apuntar a los que desde su escritorio mueven hilos y perpet√∫an esta situacion con distintos intereses.",NEU,0.5241706371307373,"{'POS': 0.0014345383970066905, 'NEG': 0.4743947982788086, 'NEU': 0.5241706371307373}"
12064,Santiago,"Si no te devolvieron un peso del mes de garant√≠a, pues en parte es tu culpa. Depende del contrato que ten√≠as y de tu capacidad de solicitarlo. No se entrega las llaves del departamento sin que te firmen una promesa de devoluci√≥n o con el dinero ya depositado en tu cuenta.

Trabaja en eso.",NEG,0.5408007502555847,"{'POS': 0.0035494728945195675, 'NEG': 0.5408007502555847, 'NEU': 0.45564979314804077}"
12110,Santiago,Oh if it‚Äôs all on LAN they might be able to check your bag through which would make it much much more doable.,NEU,0.5131526589393616,"{'POS': 0.43341904878616333, 'NEG': 0.053428295999765396, 'NEU': 0.5131526589393616}"
12125,Santiago,"I intend to have a couple of days in Santiago before the concert too, so any recommendations of things to do would be appreciated!",NEU,0.5018630623817444,"{'POS': 0.4876207411289215, 'NEG': 0.010516200214624405, 'NEU': 0.5018630623817444}"
12165,Santiago,"exacto, una cuadra al poniente de Manuel Montt por Irarrazabal. Pasteler√≠a tradicional a la vieja usanza, con crema, bizcocho y manjar.",NEU,0.5220732092857361,"{'POS': 0.47633063793182373, 'NEG': 0.001596180722117424, 'NEU': 0.5220732092857361}"
12322,Chileit,"La curva de aprendizaje para Java + springboot crees que es muy dif√≠cil? Estoy en 1 a√±o de ing inform√°tica en inacap y estoy estudiando java por mi cuenta, leyendo documentaci√≥n y viendo un curso por yt, pero me gustar√≠a empezar a trabajar al terminar el 2do a√±o o empezar el 3ro, pero no s√© si sea suficiente tiempo como para luego postular a alguna peguita :c",NEG,0.5283879041671753,"{'POS': 0.004168838728219271, 'NEG': 0.5283879041671753, 'NEU': 0.46744322776794434}"
12355,Chileit,"Ojal√° hubiese conocido spring boot antes jaja, te facilita mucho. Con constancia y estudio autodidacta, proyectos personales tipo portafolio en 2 a√±os podr√≠as ya postular a pegas junior o entry. Desconozco como est√° el mercado para ese seniority",NEU,0.5256426334381104,"{'POS': 0.4717004895210266, 'NEG': 0.0026568423490971327, 'NEU': 0.5256426334381104}"
12385,Chileit,"Me da lo mismo que sepan quien soy, no tengo nada q ocultar. Pueden buscarme en LinkedIn ü§™",POS,0.5245130062103271,"{'POS': 0.5245130062103271, 'NEG': 0.0013700979761779308, 'NEU': 0.47411686182022095}"
12398,Chileit,üëª,NEU,0.4875395894050598,"{'POS': 0.4206852316856384, 'NEG': 0.09177525341510773, 'NEU': 0.4875395894050598}"
12434,Chileit,"Con lo dificil que esta para algunas personas encontrar pega, yo lo tomaria, ademas son 4 dias, no es malo . y aprende ODOO , el mercado es bajo, pero son pocos los profesionales que saben editar o crear plugins correctamente para ese sistema, me recuerda a hace 15 a√±os atras donde eramos como 50 weones en todo chile que sabiamos integrar webpay en los ecommerces de esa epoca, pucha que gane plata en ese tiempo jajajajja",NEU,0.4529135823249817,"{'POS': 0.3292585015296936, 'NEG': 0.21782785654067993, 'NEU': 0.4529135823249817}"
12483,Chileit,"Ta dif√≠cil noma. Mientras t√∫ tiras cv con ingenier√≠a en curso, est√°s compitiendo con gente que ya termin√≥ la carrera y ellos compitiendo con gente con experiencia, en la misma solicitud de trabajo y por 700 Lukas.

Ojal√° haya alguien m√°s ingenioso en este post que te d√© un gran consejo",NEU,0.5321336984634399,"{'POS': 0.003981348592787981, 'NEG': 0.46388494968414307, 'NEU': 0.5321336984634399}"
12546,Chileit,"comprendo, muchas gracias",NEU,0.5185359120368958,"{'POS': 0.48060110211372375, 'NEG': 0.0008629836374893785, 'NEU': 0.5185359120368958}"
12575,Chileit,"Invasion gamer, fueron r√°pidos y eligen buenos componentes, pero la pasta ven√≠a mal aplicada, la cambi√© y me baj√≥ 20 grados",NEU,0.34739649295806885,"{'POS': 0.3332017958164215, 'NEG': 0.31940174102783203, 'NEU': 0.34739649295806885}"
12595,Chileit,"Algo importante de mencionar



La plataforma esta dise√±ada para aprender respondiendo preguntas de las clases, no es solo video tutoriales, ademas de que sebpuede instar en el celular como una app al ser una PWA.",NEU,0.5083451271057129,"{'POS': 0.49103426933288574, 'NEG': 0.0006205876125022769, 'NEU': 0.5083451271057129}"
12643,Chileit,"No, no, pero por trabajo me ha tocado lidiar mucho con los pelusones que compran jaja.",NEG,0.46530458331108093,"{'POS': 0.21079862117767334, 'NEG': 0.46530458331108093, 'NEU': 0.32389676570892334}"
12663,Chileit,D√©jenlo tirado. B√∫scate otra cosa,NEU,0.5364205837249756,"{'POS': 0.004201770760118961, 'NEG': 0.459377646446228, 'NEU': 0.5364205837249756}"
12717,Chileit,"solotodo.cl tiene ofertas

Demas te pillas un iphone 13 o 14 por ahi :)",NEU,0.5490041971206665,"{'POS': 0.45008695125579834, 'NEG': 0.0009089232189580798, 'NEU': 0.5490041971206665}"
12796,Chileit,"Si te refieres a las Vim Motions, las puedes tener en cualquier otro editor y aprender ah√≠ (que honestamente, es lo que m√°s cuesta). Lo dem√°s, es casi como cualquier editor, te acostumbras a ello, lo personalizas a tu preferencia y terminas gozando jaja


Hubo un tiempo que era full vim, pero la funcionalidad que pod√≠a ofrecer VSCode con emulaci√≥n de Vim era superior. M√°s que nada, porque sabes que la comunidad es m√°s grande y pueden sacar extensiones m√°s r√°pido.
No sabes la de veces que tuve que pelear por temas de LSP en vim (usaba YCM en su tiempo)",NEG,0.4766556918621063,"{'POS': 0.2096998244524002, 'NEG': 0.4766556918621063, 'NEU': 0.31364452838897705}"
12798,Chileit,"Compartir el ser de herramientas m√°s que nada, pero si, el keybinding es importante. Nunca quise configurar nada de intelij.",NEU,0.5438921451568604,"{'POS': 0.4531645178794861, 'NEG': 0.0029433821327984333, 'NEU': 0.5438921451568604}"
12891,Chileit,"Negocia las nuevas tareas por aumento üí∞, si el tiempo no da debes transmitirlo de buena manera, eres profesional y debes manejarte en ese √°mbito, Aguanta hasta el viaje, mientras ve a entrevistas y aprende que se requiere para puestos superiores y trata de adquirir habilidades nuevas, concluye el diplomado y emprende vuelo. Considera que ellos saben que eres clave tambi√©n ahora ya que manejar√°s dos cargos por ende no pueden darse el lujo de perderte tambi√©n.  Mucho √âxito",NEU,0.5437952280044556,"{'POS': 0.4547868072986603, 'NEG': 0.0014180035796016455, 'NEU': 0.5437952280044556}"
12918,Chileit,"Revise mi contrato y en ning√∫n lado habla de mkt ni de gr√°ficas, de hecho mi contrato menciona que en algunas ocasiones podr√≠a hacer de QA y trabajar con equipo de negocios pero nada de MKT ni videos, le pregunt√© a chat gpt si efectivamente lo que dice en mi contrato estaba en las tareas que me dieron ahora y me dijo que no jaja",NEG,0.5376745462417603,"{'POS': 0.0014821733348071575, 'NEG': 0.5376745462417603, 'NEU': 0.4608432948589325}"
12987,Chileit,Invente roman invente,NEU,0.54146808385849,"{'POS': 0.4544539451599121, 'NEG': 0.004077968653291464, 'NEU': 0.54146808385849}"
13019,Chileit,ü¶ó,NEU,0.4875395894050598,"{'POS': 0.4206852316856384, 'NEG': 0.09177525341510773, 'NEU': 0.4875395894050598}"
13033,Chileit,"estoy en una consultara con olor a curry, pero no encuentro que sea black flag, la unica paja es que te mandan a hacer muchos cursos, pero el resto ningun problema",NEG,0.5058229565620422,"{'POS': 0.001321837306022644, 'NEG': 0.5058229565620422, 'NEU': 0.4928551912307739}"
13045,Chileit,"Por lo que se, pagan bajo el precio del mercado, pero eso fue hace mucho tiempo, asi que a lo mejor ahora son buenitos.",NEU,0.5375518798828125,"{'POS': 0.46116623282432556, 'NEG': 0.0012819060357287526, 'NEU': 0.5375518798828125}"
13071,Chileit,Debe tener caleta de vulnerabilidades hahaha. Ojal√° nadie se la hackee,NEG,0.5128010511398315,"{'POS': 0.0048985835164785385, 'NEG': 0.5128010511398315, 'NEU': 0.482300341129303}"
13082,Chileit,que caro un mp3 csmmm,NEG,0.49992674589157104,"{'POS': 0.14680011570453644, 'NEG': 0.49992674589157104, 'NEU': 0.3532731533050537}"
13120,Chileit,"Bucha, la vdd hasta ahora DeepSeek para temas acad√©micos me ha servido caleta, para resumir articulos notebookLM es el goat. 

Para vube coding, el plan student de github pega como cami√≥n. A lo que quiero llegar es que quiz√°s solo, y por solo temas acad√©mico, no es necesario pasar por caja ""todav√≠a"".

Personalmente Chatgpt (el modo gratuito al menos) me ha pegado buenas alucinaeas JAJAJJA una vez le ped√≠ que me tradujera un texto en japones y de la nada empezo a inventar cualquier weas pero lo hizo tan bien que no me di cuenta hasta que la cag√≥ (como 20 mins dps jajsjjdjdjdjd). La revoluci√≥n de las m√°quinas",POS,0.48959094285964966,"{'POS': 0.48959094285964966, 'NEG': 0.29986315965652466, 'NEU': 0.2105458825826645}"
13164,Chileit,Arquitecto!,NEU,0.5420478582382202,"{'POS': 0.4027457535266876, 'NEG': 0.055206380784511566, 'NEU': 0.5420478582382202}"
13231,Chileit,"yo creo que 100, estoy en practica hace 1 mes y me dan 300 (la verdad que no esperaba nada) en Soporte Ti/SAP",POS,0.500280499458313,"{'POS': 0.500280499458313, 'NEG': 0.00711471913382411, 'NEU': 0.4926047623157501}"
13237,Chileit,"En mi primera pr√°ctica me pagaron 280 por un mes de pega, en la segunda tb fue un mes de pega y me pagaron 400, ahora me van a pagar 700 por 4 meses y a duras penas consegu√≠ esto, as√≠ q si consigues pr√°ctica agradece y que sea lo que venga üòîüôè",NEU,0.4980773627758026,"{'POS': 0.009046003222465515, 'NEG': 0.49287667870521545, 'NEU': 0.4980773627758026}"
13279,Chileit,"Mira, yo tampoco me considero un apasionado de la programaci√≥n, lo eleg√≠ porque:

1. Se me da bien  
2. No me disgusta  
3. Es mejor esto a ser pobre o trabajar en pegas de mierda como atendiendo en retail

Yo creo que se puede hacer carrera sin ser un weon obsesionado con la wea, pero si tu criterio para elegir la carrera es que pasas mucho frente al PC, te vas a frustrar harto, porque depediendo de donde estudies, es m√°s probable que pases m√°s tiempo estudiando matem√°ticas",NEG,0.5439175963401794,"{'POS': 0.002008158480748534, 'NEG': 0.5439175963401794, 'NEU': 0.4540742039680481}"
13300,Chileit,"Hola bro! Mi consejo es que veas en qu√© √°rea o cargo te ves trabajando al egresar, mencionas datos pero all√≠ hay varias √°reas relacionadas con eso, como la gesti√≥n y an√°lisis, infraestructura y almacenamiento de datos, arquitectura y estrategia de datos, seguridad y gobernanza de datos, inclusive machine learning y deep learning, etc. Y cada √°rea tiene sus propios cargos y tareas.

Los primeros softwares que se me vienen a la mente cuando me hablas de datos, son alg√∫n RDBMS como Oracle SQL developer, MySQL, o alg√∫n NoSQL como MongoDB. Alguna herramienta de visualizaci√≥n/arquitectura como Draw.io o lucidchart. O alg√∫n lenguaje como Python, o inclusive herramientas como excel o powerbi. En fin, hay muchas herramientas y tecnolog√≠as, as√≠ que mi consejo es que investigues en la que mas te llame la atenci√≥n y aprendas sobre ella. (Si te decides por oracle sql, mysql y mongodb, te servir√° cuando ingreses a inacap, sobre todo oracle que es lo que m√°s se ve en primer a√±o)",POS,0.5064891576766968,"{'POS': 0.5064891576766968, 'NEG': 0.005082901567220688, 'NEU': 0.4884279668331146}"
13401,Chileit,"Son materias que me llaman la atenci√≥n y interesante, aunque me gustar√≠a que me pasar√°n programaci√≥n del primero momento a entrar, tampoco me quejo que me hagan cagar con esas materias 1-2 a√±os para luego pasarnos materias de inform√°tica.",POS,0.4992382228374481,"{'POS': 0.4992382228374481, 'NEG': 0.002476415829733014, 'NEU': 0.4982854425907135}"
13613,Chileit,"Entiendo q si podian abrirlo, hasta john mcafee decia q el fbi estaba puro weando, que era cosa de acceder al chip mediante fuerza bruta, con una spider probe o algo asi. La wea es que involucra weones q cachan y es manso cacho y lento, y querian que apple les diera una wea facil.",NEG,0.5032855272293091,"{'POS': 0.0030793112237006426, 'NEG': 0.5032855272293091, 'NEU': 0.4936351180076599}"
13656,Chileit,"Estoy hablando de aplicaciones como 2fa, no le verificaci√≥n en dos pasos que involucre otra cuenta",NEU,0.531193196773529,"{'POS': 0.0026698799338191748, 'NEG': 0.4661369025707245, 'NEU': 0.531193196773529}"
13667,Chileit,"claude mil veces si lo usas solo para programar, chat gpt si usas para mas cosas que programar.",NEG,0.5132986903190613,"{'POS': 0.0028142286464571953, 'NEG': 0.5132986903190613, 'NEU': 0.48388710618019104}"
13694,Chileit,"es verdad, reci√©n me pill√© un repo con el c√≥digo funcional pero enteramente hecho con chatgpt y era ilegible, hasta a√∫n ten√≠a todos los comentarios de chatgpt. 0 clean code. sin clean code es dif√≠cil debuggear",NEU,0.49968692660331726,"{'POS': 0.0015233056619763374, 'NEG': 0.49878984689712524, 'NEU': 0.49968692660331726}"
13947,Chilegames,Khe?! Esto de Android si que no ten√≠a idea üò±,NEU,0.5399389266967773,"{'POS': 0.42517730593681335, 'NEG': 0.034883759915828705, 'NEU': 0.5399389266967773}"
13970,Chilegames,"Espero jugarlo alg√∫n d√≠a, pero me acabo de viciar con el TESO (ojal√° tuviera m√°s tiempo para jugar)",NEG,0.5011667609214783,"{'POS': 0.002713301219046116, 'NEG': 0.5011667609214783, 'NEU': 0.4961199164390564}"
14022,Chilegames,"En la primera grabaci√≥n respond√≠ en ingl√©s JAJAJA perd√≥n. 

Ha influido much√≠simo en el manejo de ingl√©s que tengo, especialmente porque en mi infancia los juegos ven√≠an en ingl√©s y deb√≠a traducirlos con un diccionario al lado m√≠o. Al d√≠a de hoy, sigo viendo noticias y videos en ingl√©s, solo para no ir perdiendo la pr√°ctica.",NEU,0.5250789523124695,"{'POS': 0.4738960862159729, 'NEG': 0.0010249502956867218, 'NEU': 0.5250789523124695}"
14025,Chilegames,"Aprend√≠ ingl√©s jugando Ragnarok Online en un servidor Estado Unidense en el a√±o 2004 a mis 11 a√±os. B√°sicamente mi metodolog√≠a para comunicarme con los hablantes ingleses era utilizar Google translator e ir traduciendo en tiempo real lo que me escrib√≠an a trav√©s del chat. A medida que m√°s jugaba, cada vez se me iba haciendo menos necesario el uso del traductor, ya que iba entendiendo m√°s el idioma seg√∫n las ""necesidades"" que iba teniendo en el juego, ya sea tener que comprar/vender objetos, crear ""partys"" para poder subir de nivel en conjunto o simplemente estar en una Guild (gremio) y chatear con gente para pasar el rato dentro del juego.

Ese fue mi primer acercamiento al idioma. Con esa din√°mica me ayudo bastante a mejorar mi nivel de entendimiento, de gram√°tica y de lectura.

En cuanto al speaking, fue algo que mejor√© a trav√©s del tiempo pero no necesariamente jugando.",NEU,0.49904367327690125,"{'POS': 0.4976266622543335, 'NEG': 0.0033296062611043453, 'NEU': 0.49904367327690125}"
14052,Chilegames,jajaj yo tampoco :( ni tengo microfono xd,NEU,0.524634063243866,"{'POS': 0.0011988788610324264, 'NEG': 0.4741670787334442, 'NEU': 0.524634063243866}"
14104,Chilegames,Csm! Tremendo juego. Que recuerdos,POS,0.5304194688796997,"{'POS': 0.5304194688796997, 'NEG': 0.0011436323402449489, 'NEU': 0.46843692660331726}"
14109,Chilegames,"Hablando del 1, lo m√°s atractivo fue el dise√±o de niveles y armas, haciendo que fuera de mucha exploraci√≥n y plataformeo con respecto al Madness, a nivel de gameplay era entretenido y se sent√≠a como un desaf√≠o.

El Madness fue uno de mis favoritos de la Ps3, si bien est√©ticamente era bonito y el gameplay era entrete, le falt√≥ pulir m√°s los puzzles y la sensaci√≥n de ""completar etapas"", principalmente porque no ten√≠a jefes.",NEU,0.5383087396621704,"{'POS': 0.4441049098968506, 'NEG': 0.01758638024330139, 'NEU': 0.5383087396621704}"
14128,Chilegames,Piolasüëå,NEU,0.487539142370224,"{'POS': 0.4206858277320862, 'NEG': 0.09177497774362564, 'NEU': 0.487539142370224}"
14167,Chilegames,"Stardew Valley, desde que consegu√≠ casarme no le encuentro lo entretenido al juego xd",NEG,0.5480462312698364,"{'POS': 0.0032143904827535152, 'NEG': 0.5480462312698364, 'NEU': 0.44873934984207153}"
14199,Chilegames,"X2, pero siendo sincero despu√©s de todos estos a√±os jugandolo no se puede estirar m√°s el chicle, ning√∫n juego dar√≠a la cantidad de horas que le he metido a ese juego.",POS,0.5223007202148438,"{'POS': 0.5223007202148438, 'NEG': 0.46899959444999695, 'NEU': 0.008699670433998108}"
14222,Chilegames,"Te recomiendo ikea te pegai un pique y las podi probar todas ah√≠ mismo, evita rotundamente todas las sillas que digan ""gamer"".",POS,0.5033102035522461,"{'POS': 0.5033102035522461, 'NEG': 0.001988007454201579, 'NEU': 0.4947017431259155}"
14271,Chilegames,"same, estaba jugando el 1 remake y me gusto mucho. luego me fui al 0 y esa parte donde llegas a la mansion y no hay baul, me dio tanta lata lo deje tirado y me fui por el revelations.",POS,0.5187958478927612,"{'POS': 0.5187958478927612, 'NEG': 0.10251890867948532, 'NEU': 0.37868520617485046}"
14294,Chilegames,"Quise decir emulando Xbox en PC ahora que veo mi post anterior ajsdjad pero te cacho.

Lo encontr√© meh por la historia, el lore en cambio estaba pasable en lo personal, tiene una decision de storytelling medio rara que basicamente te dividen esto entre los dos personajes, si eliges a la mujer al principio vai a cachar huevo de lo que pasa (ojo que el gameplay de ambos personajes principales es algo distinto) en comparaci√≥n al personaje principal masculino que se cacha que quer√≠an que jugaras con √©l en tu primera playthrough.

La historia y presentaci√≥n es mas shonen que la cresta asi que si te gusta eso bkn, es un ARPG y le ponen enfasis en las arenas de batalla para que uses telekinesis contra los enemigos y eso me gusta, no tengo mucho que criticar del combate. es bastante llamativo y agradable ver a todos combatiendo, si te gusta la serie Tales Of esta es una versi√≥n modernizada y agilizada. El hecho que si quieres mejoras en tu equipo necesitas hacer bond episodes y darles regalitos, sidequests que encuentro super flojas aparte de las sidequests normales es un punto negativo en mi opini√≥n.",POS,0.4986269176006317,"{'POS': 0.4986269176006317, 'NEG': 0.010278146713972092, 'NEU': 0.4910949170589447}"
14365,Chilegames,"Nicagando es RTX, si hasta el nombre lo dice, es GT con cuea

Le deben haber puesto ese nombre para estafar a alguien que no cacha mucho del tema, pa hacerle creer que vale m√°s de lo que parece",NEU,0.5072278380393982,"{'POS': 0.00734615558758378, 'NEG': 0.4854259788990021, 'NEU': 0.5072278380393982}"
14379,Chilegames,"estuve a punto de conseguir la GTX 970, Pero era mucho, me arrepiento? caleta, pero con el GTA VI me ver√© en la obligaci√≥n de conseguirme una GPU que sea carne e' perro para el GTA.",POS,0.521577775478363,"{'POS': 0.521577775478363, 'NEG': 0.009378260001540184, 'NEU': 0.4690439701080322}"
14497,Chilegames,Pero men...es como dejar a da Vinci en una nota al margen fuera del marco de la mona lisa,NEU,0.5444730520248413,"{'POS': 0.04368726536631584, 'NEG': 0.41183966398239136, 'NEU': 0.5444730520248413}"
14501,Chilegames,"No es que no est√© de acuerdo contigo, pero no hay nada que hacer. 

Imag√≠nate que al abrir el juego sale un disclaimer sobre que el juego fue hecho en otra √©poca y puede contener ideas ""antiguas""

A estas alturas yo agradezco que sea un remake fiel y que no cambiaron nada por la m√≠nima posibilidad de pasar a llevar a alguna minor√≠a.",NEU,0.4994259476661682,"{'POS': 0.10670917481184006, 'NEG': 0.39386487007141113, 'NEU': 0.4994259476661682}"
14552,Chilegames,"Juego ql weno ,estoy apunto de instalarlo otra vez y viciarlo",POS,0.5017037987709045,"{'POS': 0.5017037987709045, 'NEG': 0.001261283759959042, 'NEU': 0.4970349073410034}"
14570,Chilegames,"haciendo trampa la respuesta correcta es la vita por que con magia tienes la psp, la ps1, emuladores de la snes para abajo y todo el catalogo de la vita lo cual es basicamente varios de los mejores juegos de la ps2 en formato portable.

  
Ahora siendo precisos y solo pudiendo jugar el contenido que esta disponible de manera legal para esa consola la respuesta seria la ps3 fat porque es retrocompatible con el ps2 , tines acceso a la store y al catalogo de play 3",POS,0.5303755402565002,"{'POS': 0.5303755402565002, 'NEG': 0.0031798745039850473, 'NEU': 0.46644461154937744}"
14626,Chilegames,siii mejor la slim 3 no se calentaba ya tanto,NEG,0.5476443767547607,"{'POS': 0.001491834525950253, 'NEG': 0.5476443767547607, 'NEU': 0.4508638083934784}"
14662,Chilegames,"Por √©so menciono la parte del **yo**, al final todo depende de que ten√≠as antes y de tu est√°ndar. Si para t√≠ eso era lo suficientemente bueno, ta bien",NEU,0.5047008395195007,"{'POS': 0.4915548264980316, 'NEG': 0.0037443528417497873, 'NEU': 0.5047008395195007}"
14692,Chilegames,"Amo el BOTW, pero despues del jefe no hay nada xD. La mayoria de los jugadores exploraron una gran parte del juego con antelaci√≥n, lo √∫nico que queda son shrines entero repetidos y semillas que las pusieron puro pa alargar tu tiempo unas 10 horas m√°s.",NEU,0.5465956330299377,"{'POS': 0.44305896759033203, 'NEG': 0.01034536026418209, 'NEU': 0.5465956330299377}"
14698,Chilegames,"Chuta, no quiero ser ESA persona pero probaaaablemente tu no seas el p√∫blico objetivo de esos juegos... p√°sale un souls a un ni√±o de 9 a√±os y su opini√≥n probablemente sea opuestamente similar. Saludos.",NEG,0.5434868931770325,"{'POS': 0.0016129871364682913, 'NEG': 0.5434868931770325, 'NEU': 0.4549001157283783}"
14704,Chilegames,"La pelea final es algo tan insignificante en el juego que la puedes hacer altiro despu√©s del tutorial.
La historia en s√≠ misma no es tan buena en mi opini√≥n. La gracia es que el juego que lo puedes jugar de muchas formas, los puzzles tienen muchas soluciones y el juego te deja experimentar de muchas formas.",NEU,0.507457435131073,"{'POS': 0.49143901467323303, 'NEG': 0.0011035753414034843, 'NEU': 0.507457435131073}"
14706,Chilegames,"Dice mi pareja que, si esos son tus reclamos, entonces juegate unos Souls

Pd: si no los haz jugado, haz lo siguiente: juega el Dark souls 1, el 3 y luego el 2, pasa que es muy distinto, buen juego mal souls",NEU,0.5315927863121033,"{'POS': 0.010794509202241898, 'NEG': 0.45761269330978394, 'NEU': 0.5315927863121033}"
14720,Chilegames,"yo he jugado el BOTW y TOTK y considero que son super buenos, peeeeeeeero no los mejores. Entiendo que gente diga que es el mejor mundo abierto jam√°s creado y tal, pero no lo comparto, yo a lo m√°s le di unas 30 o 40 horas a cada uno y al final los drope√©.

Considero que son muy buenos, pero quiz√° una pizca de sobrevalorados como mundo abiertos. Es verdad que las mec√°nicas son impeques y eso, pero al menos a m√≠ me atraparon un tiempo y luego fue.

He jugado otros Zelda como el Link's Awakening y ese s√≠ lo termin√©, pero igual se me hizo medio pesado tirando pal final. Igual seguramente influye en que nunca me ha gustado tanto Zelda en general",POS,0.49790525436401367,"{'POS': 0.49790525436401367, 'NEG': 0.11578667163848877, 'NEU': 0.3863081634044647}"
14753,Chilegames,"Llevo como 1 y medio mes jug√°ndolo, no de corrido porque estuve jugando tambi√©n otras cosas, y el tema es que la historia principal tampoco es muy larga. As√≠ que el juego igual me promet√≠a la media batalla √©pica y al final me dio una pelea bastante mediocre. Creo que si no me hubiera pasado las bestias me habr√≠a gustado mucho m√°s.",NEG,0.5497399568557739,"{'POS': 0.2977198362350464, 'NEG': 0.5497399568557739, 'NEU': 0.1525401771068573}"
14773,Chilegames,"Sisisi, me gusto mucho la jugabilidad y el mundo, me fascina twilight princess, pero no se la jugabilidad igual termina siendo repetitiva, puzzles muy similares (como tmb hay weas que no entendi nunca) y gente que me hizo sentir igual weas bonitas,  pero so excepciones, muy pocas dentro de el gran mundo que es, el cual todo su enfoque es (uuu ganon malo, es dms poderoso) sin que les afecte a su gran mayoria me oarece raro",NEU,0.5438558459281921,"{'POS': 0.4081287682056427, 'NEG': 0.04801543056964874, 'NEU': 0.5438558459281921}"
14867,Chilegames,"Lo poco que lo jugu√© me gust√≥ caleta, sobretodo viniendo de jugar caleta el Lol",POS,0.40900513529777527,"{'POS': 0.40900513529777527, 'NEG': 0.309186726808548, 'NEU': 0.28180813789367676}"
14870,Chilegames,Buena compa. Los tengo hace 2 a√±os aprox y 0 drama. Pagu√© por el thx spatial audio que trae para controlar a√∫n m√°s el audio. Eso si creo que hoy en d√≠a por un poco mas de plata puedes obtar por mejores tecnolog√≠as.,POS,0.5296391844749451,"{'POS': 0.5296391844749451, 'NEG': 0.0011991456849500537, 'NEU': 0.4691616892814636}"
14928,Chilegames,"Est√° bakan, ser√≠a interesante (y funable) que tuviera skins que hagan referencia a Estados Unidos o el capitalismo.",NEG,0.5330334305763245,"{'POS': 0.07001283019781113, 'NEG': 0.5330334305763245, 'NEU': 0.3969537913799286}"
14940,Chilegames,"El ruido de mi pc determina su temperatura, as√≠ que es pr√°ctico jaja


Al momento de escribir este comentario hab√≠a olvidado los sonidos de PCs viejitos, pero me llegaron flashbacks con mix de nostalgia :')",POS,0.5338188409805298,"{'POS': 0.5338188409805298, 'NEG': 0.0012355679646134377, 'NEU': 0.46494561433792114}"
14969,Chilegames,‡∂û,NEU,0.487539142370224,"{'POS': 0.4206858277320862, 'NEG': 0.09177497774362564, 'NEU': 0.487539142370224}"
15077,Chilegames,"SNES, que aprenda perseverancia desde chica.


De nada.",NEU,0.48339396715164185,"{'POS': 0.460101842880249, 'NEG': 0.05650411546230316, 'NEU': 0.48339396715164185}"
15128,Chilegames,la dificultad canonica XD,NEU,0.5356841683387756,"{'POS': 0.009090937674045563, 'NEG': 0.4552249014377594, 'NEU': 0.5356841683387756}"
15143,Chilegames,10/10 y me dio sed ü§å,POS,0.4883456528186798,"{'POS': 0.4883456528186798, 'NEG': 0.3688630759716034, 'NEU': 0.1427912712097168}"
15288,Chilegames,"Amigo asi son esos hijos de puta, les escrib√≠ a ver si tenian otras opciones pero no, solo tienen FedEx en su mejor opci√≥n de envio ultra rapido y no van a poner otras opciones, tambien queria comprar cosas y no hay de otra, o pagas eso o no hay mano ;( 

Ahora en vola si eres de Talca podr√≠amos comprar entre los dos y el envio no sale tan caro si lo dividimos jajaja",NEG,0.5183746814727783,"{'POS': 0.0037002922035753727, 'NEG': 0.5183746814727783, 'NEU': 0.47792497277259827}"
